Date	USD	RUB
01.01.2018	332.33	5.77
31.12.2017	332.33	5.77
30.12.2017	332.33	5.77
29.12.2017	331.31	5.76
28.12.2017	331.38	5.74
27.12.2017	332.36	5.76
26.12.2017	333.32	5.74
25.12.2017	332.68	5.7
24.12.2017	332.68	5.7
23.12.2017	332.68	5.7
22.12.2017	334.13	5.71
21.12.2017	335.68	5.72
20.12.2017	335.33	5.7
19.12.2017	335.33	5.7
18.12.2017	335.33	5.7
17.12.2017	335.33	5.7
16.12.2017	335.33	5.7
15.12.2017	334.92	5.71
14.12.2017	335.38	5.67
13.12.2017	334.85	5.69
12.12.2017	335.05	5.66
11.12.2017	334.32	5.63
10.12.2017	334.32	5.63
09.12.2017	334.32	5.63
08.12.2017	334.85	5.66
07.12.2017	333.43	5.65
06.12.2017	332.99	5.68
05.12.2017	332.75	5.65
04.12.2017	331.22	5.65
03.12.2017	331.22	5.65
02.12.2017	331.22	5.65
01.12.2017	331.22	5.65
30.11.2017	331.61	5.69
29.11.2017	331.5	5.68
28.11.2017	330.65	5.68
27.11.2017	330.39	5.65
26.11.2017	330.39	5.65
25.11.2017	330.39	5.65
24.11.2017	330	5.65
23.11.2017	330.22	5.6
22.11.2017	330.29	5.56
21.11.2017	331	5.59
20.11.2017	332.21	5.57
19.11.2017	332.21	5.57
18.11.2017	332.21	5.57
17.11.2017	332.38	5.55
16.11.2017	332.72	5.52
15.11.2017	332.86	5.59
14.11.2017	332.74	5.6
13.11.2017	332.57	5.61
12.11.2017	332.57	5.61
11.11.2017	332.57	5.61
10.11.2017	332.99	5.61
09.11.2017	333.76	5.63
08.11.2017	332.9	5.67
07.11.2017	334.52	5.68
06.11.2017	334.1	5.71
05.11.2017	334.1	5.71
04.11.2017	334.1	5.71
03.11.2017	335.15	5.76
02.11.2017	335.14	5.76
01.11.2017	334.71	5.75
31.10.2017	334	5.78
30.10.2017	334.4	5.75
29.10.2017	334.4	5.75
28.10.2017	334.4	5.75
27.10.2017	333.87	5.79
26.10.2017	332.94	5.78
25.10.2017	334.94	5.83
24.10.2017	336.05	5.85
23.10.2017	335.24	5.82
22.10.2017	335.24	5.82
21.10.2017	335.24	5.82
20.10.2017	334.11	5.81
19.10.2017	333.57	5.81
18.10.2017	333.53	5.82
17.10.2017	333.03	5.82
16.10.2017	334.21	5.79
15.10.2017	334.21	5.79
14.10.2017	334.21	5.79
13.10.2017	334.25	5.79
12.10.2017	335.54	5.8
11.10.2017	337.48	5.83
10.10.2017	341.97	5.86
09.10.2017	343.66	5.95
08.10.2017	343.66	5.95
07.10.2017	343.66	5.95
06.10.2017	345	6
05.10.2017	343.61	5.95
04.10.2017	342.36	5.9
03.10.2017	341.24	5.9
02.10.2017	341.19	5.9
01.10.2017	341.19	5.9
30.09.2017	341.19	5.9
29.09.2017	340.43	5.85
28.09.2017	339.91	5.84
27.09.2017	339.68	5.9
26.09.2017	341.27	5.96
25.09.2017	340.11	5.91
24.09.2017	340.11	5.91
23.09.2017	340.11	5.91
22.09.2017	340.35	5.87
21.09.2017	341.61	5.9
20.09.2017	340.95	5.87
19.09.2017	340.02	5.9
18.09.2017	338.9	5.89
17.09.2017	338.9	5.89
16.09.2017	338.9	5.89
15.09.2017	338.08	5.87
14.09.2017	340	5.88
13.09.2017	338.67	5.89
12.09.2017	336.49	5.89
11.09.2017	334.29	5.86
10.09.2017	334.29	5.86
09.09.2017	334.29	5.86
08.09.2017	336.66	5.9
07.09.2017	341.22	5.94
06.09.2017	340.58	5.89
05.09.2017	338.22	5.84
04.09.2017	337.04	5.77
03.09.2017	337.04	5.77
02.09.2017	337.04	5.77
01.09.2017	337.04	5.77
31.08.2017	334.7	5.69
30.08.2017	334.7	5.69
29.08.2017	333.44	5.71
28.08.2017	332.85	5.63
27.08.2017	332.85	5.63
26.08.2017	332.85	5.63
25.08.2017	331.22	5.6
24.08.2017	333.32	5.64
23.08.2017	333.08	5.64
22.08.2017	332.58	5.63
21.08.2017	332.8	5.6
20.08.2017	332.8	5.6
19.08.2017	332.8	5.6
18.08.2017	332.68	5.6
17.08.2017	332.7	5.59
16.08.2017	332.91	5.55
15.08.2017	332.42	5.56
14.08.2017	333.17	5.54
13.08.2017	333.17	5.54
12.08.2017	333.17	5.54
11.08.2017	332.69	5.56
10.08.2017	332.39	5.54
09.08.2017	332.19	5.54
08.08.2017	331.67	5.51
07.08.2017	333.36	5.52
06.08.2017	333.36	5.52
05.08.2017	333.36	5.52
04.08.2017	335.71	5.55
03.08.2017	335.21	5.53
02.08.2017	330.07	5.5
01.08.2017	328.07	5.47
31.07.2017	326.74	5.5
30.07.2017	326.74	5.5
29.07.2017	326.74	5.5
28.07.2017	325.58	5.49
27.07.2017	326.66	5.45
26.07.2017	326.97	5.45
25.07.2017	326.7	5.45
24.07.2017	324.98	5.53
23.07.2017	324.98	5.53
22.07.2017	324.98	5.53
21.07.2017	325.56	5.51
20.07.2017	326.02	5.52
19.07.2017	325.91	5.51
18.07.2017	325.62	5.5
17.07.2017	326.72	5.48
16.07.2017	326.72	5.48
15.07.2017	326.72	5.48
14.07.2017	327.56	5.47
13.07.2017	328.52	5.41
12.07.2017	327.2	5.38
11.07.2017	326.44	5.4
10.07.2017	323.94	5.4
09.07.2017	323.94	5.4
08.07.2017	323.94	5.4
07.07.2017	323.94	5.4
06.07.2017	323.94	5.4
05.07.2017	322.37	5.44
04.07.2017	320.44	5.41
03.07.2017	320	5.43
02.07.2017	320	5.43
01.07.2017	322.27	5.44
30.06.2017	321.46	5.45
29.06.2017	323.13	5.43
28.06.2017	322.01	5.46
27.06.2017	325	5.5
26.06.2017	326.88	5.47
25.06.2017	326.88	5.47
24.06.2017	326.88	5.47
23.06.2017	327.63	5.48
22.06.2017	326.28	5.47
21.06.2017	321.72	5.46
20.06.2017	319.56	5.51
19.06.2017	319.7	5.54
18.06.2017	319.7	5.54
17.06.2017	319.7	5.54
16.06.2017	317.65	5.53
15.06.2017	316.27	5.54
14.06.2017	315.96	5.55
13.06.2017	316.39	5.54
12.06.2017	315.18	5.53
11.06.2017	315.18	5.53
10.06.2017	315.18	5.53
09.06.2017	314.11	5.51
08.06.2017	312.65	5.52
07.06.2017	312.99	5.51
06.06.2017	312.84	5.53
05.06.2017	313.17	5.52
04.06.2017	313.17	5.52
03.06.2017	313.17	5.52
02.06.2017	312.35	5.52
01.06.2017	312.26	5.51
31.05.2017	311.23	5.51
30.05.2017	310.4	5.5
29.05.2017	311.59	5.5
28.05.2017	311.59	5.5
27.05.2017	311.59	5.5
26.05.2017	310.57	5.52
25.05.2017	311.2	5.52
24.05.2017	310.83	5.5
23.05.2017	310.7	5.49
22.05.2017	312.55	5.48
21.05.2017	312.55	5.48
20.05.2017	312.55	5.48
19.05.2017	313.54	5.42
18.05.2017	313.18	5.52
17.05.2017	312.04	5.53
16.05.2017	313.52	5.56
15.05.2017	315.5	5.51
14.05.2017	315.5	5.51
13.05.2017	315.5	5.51
12.05.2017	316.25	5.54
11.05.2017	318.43	5.49
10.05.2017	318.09	5.46
09.05.2017	318.09	5.46
08.05.2017	318.09	5.46
07.05.2017	318.09	5.46
06.05.2017	318.09	5.46
05.05.2017	315.68	5.48
04.05.2017	315.35	5.52
03.05.2017	315.22	5.52
02.05.2017	314.4	5.51
01.05.2017	314.4	5.51
30.04.2017	314.4	5.51
29.04.2017	314.4	5.51
28.04.2017	313.9	5.52
27.04.2017	312.44	5.53
26.04.2017	311.58	5.56
25.04.2017	311.89	5.59
24.04.2017	312.74	5.56
23.04.2017	312.74	5.56
22.04.2017	312.74	5.56
21.04.2017	312.38	5.55
20.04.2017	311.46	5.55
19.04.2017	310.66	5.53
18.04.2017	310.81	5.55
17.04.2017	310.87	5.53
16.04.2017	310.87	5.53
15.04.2017	310.87	5.53
14.04.2017	311.71	5.51
13.04.2017	311.76	5.49
12.04.2017	311.37	5.47
11.04.2017	313.21	5.46
10.04.2017	313.02	5.5
09.04.2017	313.02	5.5
08.04.2017	313.02	5.5
07.04.2017	312.94	5.55
06.04.2017	312.08	5.58
05.04.2017	312.69	5.53
04.04.2017	313.49	5.57
03.04.2017	313.73	5.57
02.04.2017	313.73	5.57
01.04.2017	313.73	5.57
31.03.2017	314.79	5.59
30.03.2017	315.15	5.53
29.03.2017	314.83	5.52
28.03.2017	315.43	5.55
27.03.2017	316.56	5.52
26.03.2017	316.56	5.52
25.03.2017	316.56	5.52
24.03.2017	315.55	5.53
23.03.2017	315.55	5.53
22.03.2017	315.55	5.53
21.03.2017	315.55	5.53
20.03.2017	315.55	5.53
19.03.2017	315.55	5.53
18.03.2017	315.05	5.45
17.03.2017	317.63	5.48
16.03.2017	319.02	5.4
15.03.2017	317.96	5.39
14.03.2017	318.07	5.38
13.03.2017	317.97	5.38
12.03.2017	317.97	5.38
11.03.2017	317.97	5.38
10.03.2017	316.81	5.38
09.03.2017	315.16	5.43
08.03.2017	315.16	5.43
07.03.2017	316.26	5.45
06.03.2017	317.46	5.4
05.03.2017	317.46	5.4
04.03.2017	317.46	5.4
03.03.2017	315	5.38
02.03.2017	313.79	5.4
01.03.2017	312.76	5.4
28.02.2017	312.47	5.41
27.02.2017	311.49	5.38
26.02.2017	311.49	5.38
25.02.2017	311.49	5.38
24.02.2017	312.65	5.39
23.02.2017	314.09	5.43
22.02.2017	317.26	5.47
21.02.2017	319.19	5.5
20.02.2017	318.61	5.52
19.02.2017	318.61	5.52
18.02.2017	318.61	5.52
17.02.2017	319.42	5.59
16.02.2017	320.7	5.59
15.02.2017	322.49	5.59
14.02.2017	321.95	5.56
13.02.2017	323.3	5.51
12.02.2017	323.3	5.51
11.02.2017	323.3	5.51
10.02.2017	323.96	5.49
09.02.2017	324.62	5.46
08.02.2017	323.05	5.44
07.02.2017	321.8	5.47
06.02.2017	322.92	5.42
05.02.2017	322.92	5.42
04.02.2017	322.92	5.42
03.02.2017	325	5.45
02.02.2017	324.36	5.38
01.02.2017	324.24	5.4
31.01.2017	326.25	5.44
30.01.2017	328.73	5.47
29.01.2017	328.73	5.47
28.01.2017	328.73	5.47
27.01.2017	328.28	5.48
26.01.2017	327.86	5.53
25.01.2017	328.49	5.55
24.01.2017	331.42	5.58
23.01.2017	331.87	5.56
22.01.2017	331.87	5.56
21.01.2017	331.87	5.56
20.01.2017	331.08	5.5
19.01.2017	330.55	5.58
18.01.2017	332.68	5.62
17.01.2017	333.25	5.6
16.01.2017	332.06	5.58
15.01.2017	332.06	5.58
14.01.2017	332.06	5.58
13.01.2017	331.85	5.59
12.01.2017	333.96	5.55
11.01.2017	332.85	5.55
10.01.2017	330.54	5.51
09.01.2017	330.67	5.57
08.01.2017	330.67	5.57
07.01.2017	330.67	5.57
06.01.2017	332.56	5.51
05.01.2017	334.51	5.49
04.01.2017	333.29	5.43
03.01.2017	333.29	5.43
02.01.2017	333.29	5.43
01.01.2017	333.29	5.43
31.12.2016	333.29	5.43
30.12.2016	333.28	5.54
29.12.2016	332.61	5.49
28.12.2016	333.34	5.48
27.12.2016	332.88	5.48
26.12.2016	328.91	5.39
25.12.2016	328.91	5.39
24.12.2016	328.91	5.39
23.12.2016	332.09	5.46
22.12.2016	332.9	5.45
21.12.2016	334.79	5.43
20.12.2016	334.88	5.44
19.12.2016	334.88	5.44
18.12.2016	334.88	5.44
17.12.2016	334.88	5.44
16.12.2016	334.88	5.44
15.12.2016	331.25	5.45
14.12.2016	330.24	5.41
13.12.2016	331.12	5.41
12.12.2016	334.31	5.31
11.12.2016	334.31	5.31
10.12.2016	334.31	5.31
09.12.2016	334.89	5.28
08.12.2016	336.23	5.28
07.12.2016	335.61	5.26
06.12.2016	334.48	5.25
05.12.2016	335.71	5.23
04.12.2016	335.71	5.23
03.12.2016	335.71	5.23
02.12.2016	341.44	5.27
01.12.2016	341.44	5.27
30.11.2016	340.3	5.24
29.11.2016	340.24	5.24
28.11.2016	337.86	5.24
27.11.2016	337.86	5.24
26.11.2016	337.86	5.24
25.11.2016	335.69	5.22
24.11.2016	334.5	5.2
23.11.2016	335.48	5.28
22.11.2016	338.99	5.28
21.11.2016	341.07	5.23
20.11.2016	341.07	5.23
19.11.2016	341.07	5.23
18.11.2016	341.22	5.27
17.11.2016	340.05	5.2
16.11.2016	344.56	5.26
15.11.2016	343.23	5.19
14.11.2016	340.63	5.18
13.11.2016	340.63	5.18
12.11.2016	340.63	5.18
11.11.2016	338.33	5.33
10.11.2016	341.18	5.35
09.11.2016	339.75	5.33
08.11.2016	339.99	5.33
07.11.2016	338.84	5.32
06.11.2016	338.84	5.32
05.11.2016	338.84	5.32
04.11.2016	338.35	5.31
03.11.2016	337.66	5.32
02.11.2016	336	5.32
01.11.2016	335.12	5.31
31.10.2016	333.5	5.3
30.10.2016	333.5	5.3
29.10.2016	333.5	5.3
28.10.2016	332.6	5.28
27.10.2016	331.18	5.32
26.10.2016	330.12	5.32
25.10.2016	330.24	5.31
24.10.2016	331.4	5.31
23.10.2016	331.4	5.31
22.10.2016	331.4	5.31
21.10.2016	330.56	5.29
20.10.2016	332.18	5.32
19.10.2016	332.12	5.29
18.10.2016	331.74	5.26
17.10.2016	331.01	5.26
16.10.2016	331.01	5.26
15.10.2016	331.01	5.26
14.10.2016	331.36	5.24
13.10.2016	330.71	5.28
12.10.2016	330.37	5.29
11.10.2016	332.14	5.32
10.10.2016	331.41	5.31
09.10.2016	331.41	5.31
08.10.2016	331.41	5.31
07.10.2016	332.69	5.33
06.10.2016	332.75	5.33
05.10.2016	333.59	5.34
04.10.2016	335.09	5.37
03.10.2016	335.46	5.29
02.10.2016	335.46	5.29
01.10.2016	335.46	5.29
30.09.2016	334.93	5.3
29.09.2016	336.99	5.27
28.09.2016	337.16	5.29
27.09.2016	337.56	5.27
26.09.2016	337.37	5.3
25.09.2016	337.37	5.3
24.09.2016	337.37	5.3
23.09.2016	337.78	5.29
22.09.2016	338.96	5.26
21.09.2016	339.4	5.23
20.09.2016	339.35	5.24
19.09.2016	339.5	5.22
18.09.2016	339.5	5.22
17.09.2016	339.5	5.22
16.09.2016	339.5	5.23
15.09.2016	338.86	5.21
14.09.2016	337.64	5.21
13.09.2016	337.41	5.26
12.09.2016	337.41	5.26
11.09.2016	337.41	5.26
10.09.2016	337.41	5.26
09.09.2016	337.16	5.27
08.09.2016	337.57	5.25
07.09.2016	339.8	5.25
06.09.2016	340.9	5.27
05.09.2016	341.97	5.2
04.09.2016	341.97	5.2
03.09.2016	341.97	5.2
02.09.2016	341.06	5.22
01.09.2016	340.1	5.22
31.08.2016	338.98	5.21
30.08.2016	338.98	5.21
29.08.2016	338.73	5.23
28.08.2016	338.73	5.23
27.08.2016	338.73	5.23
26.08.2016	339.5	5.23
25.08.2016	338.83	5.23
24.08.2016	341	5.27
23.08.2016	338.82	5.27
22.08.2016	338.51	5.29
21.08.2016	338.51	5.29
20.08.2016	338.51	5.29
19.08.2016	340.09	5.34
18.08.2016	341.2	5.33
17.08.2016	343.73	5.4
16.08.2016	343.39	5.34
15.08.2016	344.46	5.33
14.08.2016	344.46	5.33
13.08.2016	344.46	5.33
12.08.2016	347.18	5.37
11.08.2016	346.42	5.34
10.08.2016	345.89	5.35
09.08.2016	348.35	5.37
08.08.2016	348.97	5.34
07.08.2016	348.97	5.34
06.08.2016	348.97	5.34
05.08.2016	352.06	5.3
04.08.2016	354.01	5.31
03.08.2016	353.7	5.31
02.08.2016	352.1	5.32
01.08.2016	352.25	5.26
31.07.2016	352.25	5.26
30.07.2016	352.25	5.26
29.07.2016	352.75	5.32
28.07.2016	352.13	5.33
27.07.2016	350.2	5.31
26.07.2016	343.88	5.3
25.07.2016	341.51	5.3
24.07.2016	341.51	5.3
23.07.2016	341.51	5.3
22.07.2016	342.23	5.36
21.07.2016	339.9	5.37
20.07.2016	338.72	5.38
19.07.2016	338.88	5.37
18.07.2016	338.52	5.36
17.07.2016	338.52	5.36
16.07.2016	338.52	5.36
15.07.2016	338.95	5.36
14.07.2016	338.35	5.3
13.07.2016	338.51	5.3
12.07.2016	337.71	5.26
11.07.2016	338.46	5.28
10.07.2016	338.46	5.28
09.07.2016	338.46	5.28
08.07.2016	337.26	5.27
07.07.2016	337.07	5.25
06.07.2016	337.07	5.25
05.07.2016	337.39	5.28
04.07.2016	338.04	5.27
03.07.2016	338.04	5.27
02.07.2016	338.04	5.27
01.07.2016	338.66	5.28
30.06.2016	338.87	5.29
29.06.2016	339.12	5.25
28.06.2016	339.1	5.22
27.06.2016	339.69	5.2
26.06.2016	339.69	5.2
25.06.2016	339.69	5.2
24.06.2016	336.63	5.26
23.06.2016	336.73	5.26
22.06.2016	335.87	5.24
21.06.2016	335.89	5.24
20.06.2016	338.59	5.19
19.06.2016	338.59	5.19
18.06.2016	338.59	5.19
17.06.2016	337.96	5.13
16.06.2016	338.75	5.15
15.06.2016	337.65	5.11
14.06.2016	335.81	5.1
13.06.2016	333.97	5.16
12.06.2016	333.97	5.16
11.06.2016	333.97	5.16
10.06.2016	330.16	5.15
09.06.2016	331.59	5.14
08.06.2016	333.88	5.14
07.06.2016	335.1	5.1
06.06.2016	337.77	5.04
05.06.2016	337.77	5.04
04.06.2016	337.77	5.04
03.06.2016	337.71	5.06
02.06.2016	336.86	5.03
01.06.2016	335.84	5.09
31.05.2016	336.73	5.1
30.05.2016	335.48	5.08
29.05.2016	335.48	5.08
28.05.2016	335.48	5.08
27.05.2016	333.09	5.11
26.05.2016	336.24	5.1
25.05.2016	336.48	5.03
24.05.2016	336.37	5.01
23.05.2016	335.01	5.02
22.05.2016	335.01	5.02
21.05.2016	335.01	5.02
20.05.2016	334.89	5.04
19.05.2016	329.89	5.05
18.05.2016	328.07	5.08
17.05.2016	327.88	5.04
16.05.2016	329.11	5.05
15.05.2016	329.11	5.05
14.05.2016	329.11	5.05
13.05.2016	329.79	5.09
12.05.2016	333.23	5.04
11.05.2016	334.6	5.05
10.05.2016	334.6	5.05
09.05.2016	334.6	5.05
08.05.2016	334.6	5.05
07.05.2016	334.6	5.05
06.05.2016	335.71	5.09
05.05.2016	332.51	5.01
04.05.2016	329.21	5.03
03.05.2016	327.66	5.09
02.05.2016	327.66	5.09
01.05.2016	327.66	5.09
30.04.2016	327.66	5.09
29.04.2016	330.41	5.1
28.04.2016	331.08	5.08
27.04.2016	333.26	5.02
26.04.2016	333.81	5.02
25.04.2016	334.59	5.05
24.04.2016	334.59	5.05
23.04.2016	334.59	5.05
22.04.2016	332.51	5.1
21.04.2016	337.14	5.15
20.04.2016	337.99	5.16
19.04.2016	340.23	5.05
18.04.2016	334.41	5.06
17.04.2016	334.41	5.06
16.04.2016	334.41	5.06
15.04.2016	334.7	5.06
14.04.2016	333.76	5.11
13.04.2016	335.64	5.06
12.04.2016	336.87	5.03
11.04.2016	340.31	5.06
10.04.2016	340.31	5.06
09.04.2016	340.31	5.06
08.04.2016	341.19	5.03
07.04.2016	344.54	5.02
06.04.2016	345.52	5.01
05.04.2016	344	5.04
04.04.2016	342.49	5.06
03.04.2016	342.49	5.06
02.04.2016	342.49	5.06
01.04.2016	343.62	5.1
31.03.2016	343.06	5.08
30.03.2016	341.51	4.96
29.03.2016	340.15	5.01
28.03.2016	343.83	5.06
27.03.2016	343.83	5.06
26.03.2016	343.83	5.06
25.03.2016	346.97	5
24.03.2016	345.73	5.04
23.03.2016	345.73	5.04
22.03.2016	345.73	5.04
21.03.2016	345.73	5.04
20.03.2016	345.73	5.04
19.03.2016	345.73	5.04
18.03.2016	346.05	5.05
17.03.2016	346.61	4.89
16.03.2016	343.23	4.85
15.03.2016	343.32	4.89
14.03.2016	343.92	4.91
13.03.2016	343.92	4.91
12.03.2016	343.92	4.91
11.03.2016	344.19	4.86
10.03.2016	344.8	4.77
09.03.2016	345.02	4.8
08.03.2016	345.02	4.8
07.03.2016	345.02	4.8
06.03.2016	345.02	4.8
05.03.2016	345.22	4.7
04.03.2016	345.65	4.69
03.03.2016	346.56	4.68
02.03.2016	347.96	4.72
01.03.2016	348.78	4.58
29.02.2016	349.82	4.68
28.02.2016	349.82	4.68
27.02.2016	349.82	4.68
26.02.2016	350.25	4.59
25.02.2016	348.96	4.52
24.02.2016	348.69	4.6
23.02.2016	351.77	4.63
22.02.2016	355.45	4.65
21.02.2016	355.45	4.65
20.02.2016	355.45	4.65
19.02.2016	350.58	4.67
18.02.2016	359.23	4.65
17.02.2016	357.71	4.63
16.02.2016	362.1	4.66
15.02.2016	368.17	4.64
14.02.2016	368.17	4.64
13.02.2016	368.17	4.64
12.02.2016	360.31	4.54
11.02.2016	362.23	4.59
10.02.2016	360.37	4.59
09.02.2016	359.89	4.67
08.02.2016	363.72	4.74
07.02.2016	363.72	4.74
06.02.2016	363.72	4.74
05.02.2016	363.34	4.77
04.02.2016	375.25	4.77
03.02.2016	369.15	4.67
02.02.2016	360.45	4.75
01.02.2016	364.79	4.83
31.01.2016	364.79	4.83
30.01.2016	364.79	4.83
29.01.2016	371.55	4.88
28.01.2016	375.49	4.77
27.01.2016	380.3	4.72
26.01.2016	372.89	4.73
25.01.2016	381.16	4.76
24.01.2016	381.16	4.76
23.01.2016	381.16	4.76
22.01.2016	383.91	4.56
21.01.2016	374.6	4.69
20.01.2016	377.7	4.82
19.01.2016	374.31	4.76
18.01.2016	360.9	4.68
17.01.2016	360.9	4.68
16.01.2016	360.9	4.68
15.01.2016	365.23	4.77
14.01.2016	364.89	4.78
13.01.2016	365.07	4.79
12.01.2016	356.88	4.74
11.01.2016	351.88	4.76
10.01.2016	351.88	4.76
09.01.2016	351.88	4.76
08.01.2016	345.01	4.66
07.01.2016	345.01	4.66
06.01.2016	343.14	4.67
05.01.2016	340.01	4.61
04.01.2016	340.01	4.61
03.01.2016	340.01	4.61
02.01.2016	340.01	4.61
01.01.2016	340.01	4.61
31.12.2015	339.47	4.65
30.12.2015	337.66	4.64
29.12.2015	331.38	4.64
28.12.2015	326.38	4.65
27.12.2015	326.38	4.65
26.12.2015	326.38	4.65
25.12.2015	325.8	4.67
24.12.2015	331.59	4.68
23.12.2015	336.66	4.74
22.12.2015	349.12	4.91
21.12.2015	341.94	4.79
20.12.2015	341.94	4.79
19.12.2015	341.94	4.79
18.12.2015	337.8	4.79
17.12.2015	337.8	4.79
16.12.2015	337.8	4.79
15.12.2015	322.47	4.59
14.12.2015	311.92	4.49
13.12.2015	311.92	4.49
12.12.2015	311.92	4.49
11.12.2015	310.37	4.49
10.12.2015	309.12	4.47
09.12.2015	307.87	4.43
08.12.2015	307.04	4.48
07.12.2015	307.08	4.54
06.12.2015	307.08	4.54
05.12.2015	307.08	4.54
04.12.2015	307.93	4.54
03.12.2015	307.76	4.61
02.12.2015	307.4	4.61
01.12.2015	307.4	4.61
30.11.2015	307.2	4.64
29.11.2015	307.2	4.64
28.11.2015	307.2	4.64
27.11.2015	307.21	4.68
26.11.2015	307.08	4.69
25.11.2015	307.13	4.67
24.11.2015	307.21	4.67
23.11.2015	307.32	4.73
22.11.2015	307.32	4.73
21.11.2015	307.32	4.73
20.11.2015	307.4	4.73
19.11.2015	307.68	4.76
18.11.2015	307.62	4.69
17.11.2015	308.36	4.67
16.11.2015	307.73	4.62
15.11.2015	307.73	4.62
14.11.2015	307.73	4.62
13.11.2015	306.57	4.69
12.11.2015	306.85	4.76
11.11.2015	306.74	4.77
10.11.2015	312.65	4.85
09.11.2015	307.53	4.83
08.11.2015	307.53	4.83
07.11.2015	307.53	4.83
06.11.2015	298.92	4.73
05.11.2015	284.28	4.52
04.11.2015	282.7	4.42
03.11.2015	280.37	4.39
02.11.2015	279.18	4.35
01.11.2015	279.18	4.35
31.10.2015	279.18	4.35
30.10.2015	279.21	4.32
29.10.2015	279.21	4.32
28.10.2015	278.92	4.39
27.10.2015	278.55	4.47
26.10.2015	277.51	4.47
25.10.2015	277.51	4.47
24.10.2015	277.51	4.47
23.10.2015	278.21	4.44
22.10.2015	277.51	4.41
21.10.2015	277.1	4.45
20.10.2015	276.88	4.49
19.10.2015	276.1	4.5
18.10.2015	276.1	4.5
17.10.2015	276.1	4.5
16.10.2015	277.05	4.47
15.10.2015	275.99	4.37
14.10.2015	275.47	4.42
13.10.2015	274.95	4.51
12.10.2015	274.41	4.46
11.10.2015	274.41	4.46
10.10.2015	274.41	4.46
09.10.2015	274	4.4
08.10.2015	273.53	4.39
07.10.2015	272.95	4.21
06.10.2015	271.5	4.15
05.10.2015	271.05	4.1
04.10.2015	271.05	4.1
03.10.2015	271.05	4.1
02.10.2015	270.9	4.16
01.10.2015	270.89	4.13
30.09.2015	270.4	4.09
29.09.2015	269.99	4.11
28.09.2015	269.81	4.11
27.09.2015	269.81	4.11
26.09.2015	269.81	4.11
25.09.2015	264.12	4
24.09.2015	264.12	4
23.09.2015	269.96	4.08
22.09.2015	270.46	4.08
21.09.2015	270.69	4.09
20.09.2015	270.69	4.09
19.09.2015	270.69	4.09
18.09.2015	270.11	4.12
17.09.2015	283.98	4.33
16.09.2015	276.83	4.14
15.09.2015	273.55	4.03
14.09.2015	252.14	3.7
13.09.2015	252.14	3.7
12.09.2015	252.14	3.7
11.09.2015	253	3.72
10.09.2015	245.23	3.62
09.09.2015	245.02	3.57
08.09.2015	243.1	3.55
07.09.2015	239.6	3.54
06.09.2015	239.6	3.54
05.09.2015	239.6	3.54
04.09.2015	239.76	3.58
03.09.2015	241.15	3.61
02.09.2015	234.94	3.6
01.09.2015	237.66	3.56
31.08.2015	237.66	3.56
30.08.2015	237.66	3.56
29.08.2015	237.66	3.56
28.08.2015	241.76	3.59
27.08.2015	243.99	3.5
26.08.2015	230.11	3.29
25.08.2015	218.61	3.07
24.08.2015	252.47	3.7
23.08.2015	252.47	3.7
22.08.2015	252.47	3.7
21.08.2015	255.26	3.79
20.08.2015	188.38	2.87
19.08.2015	188.35	2.86
18.08.2015	188.35	2.87
17.08.2015	188.05	2.9
16.08.2015	188.05	2.9
15.08.2015	188.05	2.9
14.08.2015	188.05	2.93
13.08.2015	187.85	2.9
12.08.2015	187.85	2.97
11.08.2015	187.85	2.91
10.08.2015	187.65	2.92
09.08.2015	187.65	2.92
08.08.2015	187.65	2.92
07.08.2015	187.65	2.93
06.08.2015	187.65	2.99
05.08.2015	187.65	2.98
04.08.2015	187.45	3
03.08.2015	187.45	3.11
02.08.2015	187.45	3.11
01.08.2015	187.45	3.11
31.07.2015	187.45	3.17
30.07.2015	187.45	3.14
29.07.2015	187.25	3.12
28.07.2015	187.25	3.17
27.07.2015	187.05	3.22
26.07.2015	187.05	3.22
25.07.2015	187.05	3.22
24.07.2015	187.05	3.26
23.07.2015	187.05	3.28
22.07.2015	187.05	3.29
21.07.2015	187.05	3.29
20.07.2015	187.05	3.3
19.07.2015	187.05	3.3
18.07.2015	187.05	3.3
17.07.2015	187.05	3.28
16.07.2015	187.05	3.31
15.07.2015	186.8	3.28
14.07.2015	186.8	3.29
13.07.2015	186.55	3.29
12.07.2015	186.55	3.29
11.07.2015	186.55	3.29
10.07.2015	186.35	3.27
09.07.2015	186.35	3.27
08.07.2015	186.2	3.26
07.07.2015	186.2	3.34
06.07.2015	186.2	3.34
05.07.2015	186.2	3.34
04.07.2015	186.2	3.34
03.07.2015	186.2	3.34
02.07.2015	186.2	3.36
01.07.2015	186.2	3.34
30.06.2015	186.2	3.37
29.06.2015	186.2	3.38
28.06.2015	186.2	3.38
27.06.2015	186.2	3.38
26.06.2015	186.2	3.41
25.06.2015	186.2	3.44
24.06.2015	186.05	3.42
23.06.2015	186.05	3.48
22.06.2015	186.05	3.44
21.06.2015	186.05	3.44
20.06.2015	186.05	3.44
19.06.2015	186.05	3.49
18.06.2015	186.05	3.44
17.06.2015	186.05	3.44
16.06.2015	186.05	3.37
15.06.2015	186.05	3.4
14.06.2015	186.05	3.4
13.06.2015	186.05	3.4
12.06.2015	186.05	3.42
11.06.2015	186.05	3.41
10.06.2015	185.95	3.32
09.06.2015	185.95	3.31
08.06.2015	185.95	3.32
07.06.2015	185.95	3.32
06.06.2015	185.95	3.32
05.06.2015	185.95	3.39
04.06.2015	185.95	3.49
03.06.2015	185.95	3.49
02.06.2015	185.95	3.5
01.06.2015	185.95	3.53
31.05.2015	185.95	3.53
30.05.2015	185.95	3.53
29.05.2015	185.8	3.56
28.05.2015	185.8	3.62
27.05.2015	185.8	3.69
26.05.2015	185.8	3.73
25.05.2015	185.8	3.73
24.05.2015	185.8	3.73
23.05.2015	185.8	3.73
22.05.2015	185.8	3.73
21.05.2015	185.8	3.71
20.05.2015	185.8	3.76
19.05.2015	185.8	3.79
18.05.2015	185.8	3.71
17.05.2015	185.8	3.71
16.05.2015	185.8	3.71
15.05.2015	185.8	3.74
14.05.2015	185.8	3.75
13.05.2015	185.8	3.67
12.05.2015	185.8	3.66
11.05.2015	185.8	3.66
10.05.2015	185.8	3.66
09.05.2015	185.8	3.66
08.05.2015	185.8	3.73
07.05.2015	185.8	3.73
06.05.2015	185.8	3.62
05.05.2015	185.8	3.6
04.05.2015	185.8	3.62
03.05.2015	185.8	3.62
02.05.2015	185.8	3.62
01.05.2015	185.8	3.62
30.04.2015	185.8	3.61
29.04.2015	185.8	3.57
28.04.2015	185.8	3.61
27.04.2015	185.8	3.67
26.04.2015	185.8	3.67
25.04.2015	185.8	3.67
24.04.2015	185.8	3.6
23.04.2015	185.8	3.47
22.04.2015	185.8	3.48
21.04.2015	185.8	3.6
20.04.2015	185.8	3.67
19.04.2015	185.8	3.67
18.04.2015	185.8	3.67
17.04.2015	185.8	3.73
16.04.2015	185.8	3.67
15.04.2015	185.8	3.57
14.04.2015	185.65	3.54
13.04.2015	185.65	3.65
12.04.2015	185.65	3.65
11.04.2015	185.65	3.65
10.04.2015	185.65	3.53
09.04.2015	185.65	3.46
08.04.2015	185.65	3.34
07.04.2015	185.65	3.3
06.04.2015	185.65	3.26
05.04.2015	185.65	3.26
04.04.2015	185.65	3.26
03.04.2015	185.65	3.27
02.04.2015	185.65	3.18
01.04.2015	185.65	3.22
31.03.2015	185.65	3.21
30.03.2015	185.5	3.22
29.03.2015	185.5	3.22
28.03.2015	185.5	3.22
27.03.2015	185.5	3.29
26.03.2015	185.5	3.09
25.03.2015	185.5	3.09
24.03.2015	185.5	3.09
23.03.2015	185.5	3.09
22.03.2015	185.5	3.09
21.03.2015	185.5	3.09
20.03.2015	185.5	3.08
19.03.2015	185.35	3.03
18.03.2015	185.35	3.01
17.03.2015	185.35	2.98
16.03.2015	185.35	3.02
15.03.2015	185.35	3.02
14.03.2015	185.35	3.02
13.03.2015	185.35	3.05
12.03.2015	185.35	2.94
11.03.2015	185.2	3.06
10.03.2015	185.2	3.11
09.03.2015	185.2	3.11
08.03.2015	185.2	3.11
07.03.2015	185.2	3.11
06.03.2015	185.2	3
05.03.2015	185.05	3
04.03.2015	185.05	2.97
03.03.2015	185.05	2.98
02.03.2015	185.05	3.03
01.03.2015	185.05	3.03
28.02.2015	185.05	3.03
27.02.2015	185.05	3.05
26.02.2015	185.05	2.96
25.02.2015	185.05	2.93
24.02.2015	185.05	2.9
23.02.2015	185.05	3.01
22.02.2015	185.05	3.01
21.02.2015	185.05	3.01
20.02.2015	185.05	2.98
19.02.2015	185.05	2.97
18.02.2015	185.05	2.94
17.02.2015	185.05	2.94
16.02.2015	185.05	2.85
15.02.2015	185.05	2.85
14.02.2015	185.05	2.85
13.02.2015	185.05	2.78
12.02.2015	185.05	2.8
11.02.2015	185.05	2.81
10.02.2015	185.05	2.82
09.02.2015	184.75	2.8
08.02.2015	184.75	2.8
07.02.2015	184.75	2.8
06.02.2015	184.75	2.7
05.02.2015	184.75	2.79
04.02.2015	184.45	2.75
03.02.2015	184.45	2.62
02.02.2015	184.45	2.66
01.02.2015	184.45	2.66
31.01.2015	184.45	2.66
30.01.2015	184.45	2.67
29.01.2015	184.45	2.74
28.01.2015	184.45	2.73
27.01.2015	184.45	2.81
26.01.2015	184.1	2.9
25.01.2015	184.1	2.9
24.01.2015	184.1	2.9
23.01.2015	184.1	2.81
22.01.2015	184.1	2.8
21.01.2015	183.8	2.82
20.01.2015	183.81	2.83
19.01.2015	183.8	2.81
18.01.2015	183.8	2.81
17.01.2015	183.8	2.81
16.01.2015	183.8	2.82
15.01.2015	183.55	2.79
14.01.2015	183.55	2.84
13.01.2015	183.55	2.92
12.01.2015	183.05	2.98
11.01.2015	183.05	2.98
10.01.2015	183.05	2.98
09.01.2015	183.05	3
08.01.2015	183.05	2.93
07.01.2015	183.05	2.93
06.01.2015	182.85	3.15
05.01.2015	182.35	3.13
04.01.2015	182.35	3.13
03.01.2015	182.35	3.13
02.01.2015	182.35	3.13
01.01.2015	182.35	3.13
31.12.2014	182.35	3.17
30.12.2014	182.35	3.3
29.12.2014	182.35	3.45
28.12.2014	182.35	3.45
27.12.2014	182.35	3.45
26.12.2014	182.35	3.47
25.12.2014	182.27	3.34
24.12.2014	182.05	3.33
23.12.2014	182.05	3.21
22.12.2014	182.05	3.01
21.12.2014	182.05	3.01
20.12.2014	182.05	3.01
19.12.2014	182.05	3.01
18.12.2014	181.7	3.11
17.12.2014	181.7	3.11
16.12.2014	181.7	3.11
15.12.2014	181.7	3.17
14.12.2014	181.7	3.17
13.12.2014	181.7	3.17
12.12.2014	181.7	3.31
11.12.2014	181.7	3.35
10.12.2014	181.7	3.35
09.12.2014	181.62	3.4
08.12.2014	181.4	3.38
07.12.2014	181.4	3.38
06.12.2014	181.4	3.38
05.12.2014	181.4	3.39
04.12.2014	181.4	3.32
03.12.2014	181.09	3.54
02.12.2014	180.87	3.66
01.12.2014	180.87	3.66
30.11.2014	180.87	3.66
29.11.2014	180.87	3.66
28.11.2014	180.87	3.79
27.11.2014	180.87	3.88
26.11.2014	180.87	3.99
25.11.2014	180.87	4.04
24.11.2014	180.87	3.95
23.11.2014	180.87	3.95
22.11.2014	180.87	3.95
21.11.2014	180.87	3.88
20.11.2014	180.87	3.85
19.11.2014	180.87	3.88
18.11.2014	180.87	3.82
17.11.2014	180.87	3.82
16.11.2014	180.87	3.82
15.11.2014	180.87	3.82
14.11.2014	180.87	3.91
13.11.2014	180.87	3.9
12.11.2014	180.87	3.92
11.11.2014	180.87	3.96
10.11.2014	180.87	3.77
09.11.2014	180.87	3.77
08.11.2014	180.87	3.77
07.11.2014	180.87	3.99
06.11.2014	180.87	4.06
05.11.2014	180.87	4.15
04.11.2014	180.87	4.17
03.11.2014	180.87	4.28
02.11.2014	180.87	4.28
01.11.2014	180.87	4.28
31.10.2014	180.87	4.17
30.10.2014	180.87	4.23
29.10.2014	180.87	4.25
28.10.2014	180.87	4.31
27.10.2014	180.87	4.32
26.10.2014	180.87	4.32
25.10.2014	180.87	4.32
24.10.2014	180.87	4.35
23.10.2014	180.99	4.42
22.10.2014	181.34	4.43
21.10.2014	181.5	4.43
20.10.2014	181.5	4.43
19.10.2014	181.5	4.43
18.10.2014	181.5	4.43
17.10.2014	181.5	4.45
16.10.2014	181.52	4.43
15.10.2014	181.8	4.47
14.10.2014	181.8	4.5
13.10.2014	181.8	4.51
12.10.2014	181.8	4.51
11.10.2014	181.8	4.51
10.10.2014	181.8	4.55
09.10.2014	181.8	4.55
08.10.2014	181.8	4.57
07.10.2014	181.8	4.55
06.10.2014	181.9	4.58
05.10.2014	181.9	4.58
04.10.2014	181.9	4.58
03.10.2014	181.9	4.6
02.10.2014	181.9	4.58
01.10.2014	181.9	4.62
30.09.2014	181.9	4.6
29.09.2014	181.9	4.68
28.09.2014	181.9	4.68
27.09.2014	181.9	4.68
26.09.2014	181.88	4.73
25.09.2014	181.88	4.74
24.09.2014	181.9	4.71
23.09.2014	181.95	4.71
22.09.2014	181.95	4.73
21.09.2014	181.95	4.73
20.09.2014	181.95	4.73
19.09.2014	181.95	4.74
18.09.2014	181.95	4.74
17.09.2014	181.95	4.71
16.09.2014	181.95	4.78
15.09.2014	181.95	4.83
14.09.2014	181.95	4.83
13.09.2014	181.95	4.83
12.09.2014	182	4.86
11.09.2014	182	4.89
10.09.2014	182	4.91
09.09.2014	182	4.91
08.09.2014	182	4.93
07.09.2014	182	4.93
06.09.2014	182	4.93
05.09.2014	182	4.92
04.09.2014	182	4.93
03.09.2014	182	4.87
02.09.2014	182	4.94
01.09.2014	182	4.94
31.08.2014	182	4.94
30.08.2014	182	4.94
29.08.2014	182	4.99
28.08.2014	182	5.04
27.08.2014	182	5.03
26.08.2014	182	5.03
25.08.2014	182	5.03
24.08.2014	182	5.03
23.08.2014	182	5.03
22.08.2014	182	5.01
21.08.2014	182	5.02
20.08.2014	182	5.03
19.08.2014	182	5.05
18.08.2014	182	5.06
17.08.2014	182	5.06
16.08.2014	182	5.06
15.08.2014	182	5.05
14.08.2014	182	5.02
13.08.2014	182	5.04
12.08.2014	182	5.03
11.08.2014	182	4.99
10.08.2014	182	4.99
09.08.2014	182	4.99
08.08.2014	182	5.03
07.08.2014	182	5.03
06.08.2014	182.04	5.09
05.08.2014	182.05	5.1
04.08.2014	182.08	5.09
03.08.2014	182.08	5.09
02.08.2014	182.08	5.09
01.08.2014	183.28	5.16
31.07.2014	183.53	5.14
30.07.2014	183.53	5.15
29.07.2014	183.52	5.19
28.07.2014	183.52	5.23
27.07.2014	183.52	5.23
26.07.2014	183.52	5.23
25.07.2014	183.52	5.24
24.07.2014	183.53	5.27
23.07.2014	183.53	5.24
22.07.2014	183.53	5.24
21.07.2014	183.52	5.24
20.07.2014	183.52	5.24
19.07.2014	183.52	5.24
18.07.2014	183.52	5.26
17.07.2014	183.52	5.34
16.07.2014	183.52	5.34
15.07.2014	183.52	5.35
14.07.2014	183.52	5.39
13.07.2014	183.52	5.39
12.07.2014	183.52	5.39
11.07.2014	183.52	5.4
10.07.2014	183.52	5.38
09.07.2014	183.52	5.35
08.07.2014	183.52	5.34
07.07.2014	183.52	5.34
06.07.2014	183.52	5.34
05.07.2014	183.52	5.34
04.07.2014	183.52	5.36
03.07.2014	183.52	5.36
02.07.2014	183.52	5.35
01.07.2014	183.52	5.4
30.06.2014	183.51	5.45
29.06.2014	183.51	5.45
28.06.2014	183.51	5.45
27.06.2014	183.5	5.44
26.06.2014	183.51	5.42
25.06.2014	183.49	5.39
24.06.2014	183.5	5.35
23.06.2014	183.51	5.34
22.06.2014	183.51	5.34
21.06.2014	183.51	5.34
20.06.2014	183.51	5.36
19.06.2014	183.51	5.29
18.06.2014	183.51	5.27
17.06.2014	183.51	5.3
16.06.2014	183.51	5.33
15.06.2014	183.51	5.33
14.06.2014	183.51	5.33
13.06.2014	183.51	5.34
12.06.2014	183.51	5.34
11.06.2014	183.51	5.34
10.06.2014	183.51	5.35
09.06.2014	183.51	5.3
08.06.2014	183.51	5.3
07.06.2014	183.51	5.3
06.06.2014	183.51	5.26
05.06.2014	183.51	5.22
04.06.2014	183.49	5.25
03.06.2014	183.51	5.26
02.06.2014	183.5	5.28
01.06.2014	183.5	5.28
31.05.2014	183.5	5.28
30.05.2014	183.5	5.31
29.05.2014	183.96	5.33
28.05.2014	183.46	5.36
27.05.2014	182.92	5.36
26.05.2014	182.74	5.33
25.05.2014	182.74	5.33
24.05.2014	182.74	5.33
23.05.2014	182.42	5.31
22.05.2014	182.41	5.29
21.05.2014	182.2	5.26
20.05.2014	182.01	5.26
19.05.2014	182.01	5.23
18.05.2014	182.01	5.23
17.05.2014	182.01	5.23
16.05.2014	182.03	5.25
15.05.2014	182.05	5.24
14.05.2014	182.02	5.22
13.05.2014	182.04	5.19
12.05.2014	182.14	5.17
11.05.2014	182.01	5.11
10.05.2014	182.01	5.11
09.05.2014	182.01	5.11
08.05.2014	182.01	5.11
07.05.2014	182.01	5.11
06.05.2014	182.02	5.09
05.05.2014	182.02	5.08
04.05.2014	182.06	5.1
03.05.2014	182.06	5.1
02.05.2014	182.06	5.1
01.05.2014	182.06	5.1
30.04.2014	182.05	5.1
29.04.2014	182.02	5.05
28.04.2014	182.01	5.06
27.04.2014	182.01	5.06
26.04.2014	182.01	5.06
25.04.2014	182.01	5.1
24.04.2014	182.01	5.1
23.04.2014	182.02	5.1
22.04.2014	182.07	5.11
21.04.2014	182.05	5.12
20.04.2014	182.05	5.12
19.04.2014	182.05	5.12
18.04.2014	182.06	5.07
17.04.2014	182.03	5.05
16.04.2014	182.07	5.06
15.04.2014	182.03	5.06
14.04.2014	182.02	5.11
13.04.2014	182.02	5.11
12.04.2014	182.02	5.11
11.04.2014	182.01	5.12
10.04.2014	182.07	5.1
09.04.2014	182.04	5.13
08.04.2014	182.03	5.12
07.04.2014	182.05	5.14
06.04.2014	182.05	5.14
05.04.2014	182.05	5.14
04.04.2014	182.02	5.12
03.04.2014	182.03	5.15
02.04.2014	182.07	5.19
01.04.2014	182.06	5.11
31.03.2014	182.04	5.09
30.03.2014	182.04	5.09
29.03.2014	182.04	5.09
28.03.2014	182.05	5.12
27.03.2014	182.08	5.14
26.03.2014	182.02	5.03
25.03.2014	182.02	5.03
24.03.2014	182.02	5.03
23.03.2014	182.02	5.03
22.03.2014	182.02	5.03
21.03.2014	182.02	5.03
20.03.2014	182.04	5.05
19.03.2014	182.06	4.98
18.03.2014	182.06	4.96
17.03.2014	182.1	4.97
16.03.2014	182.1	4.97
15.03.2014	182.1	4.97
14.03.2014	182.1	5
13.03.2014	182.13	4.99
12.03.2014	182.07	5.01
11.03.2014	182.08	5.02
10.03.2014	182.08	5.02
09.03.2014	182.08	5.02
08.03.2014	182.08	5.02
07.03.2014	182.09	5.04
06.03.2014	181.78	5.03
05.03.2014	182.46	5.02
04.03.2014	184.07	5.05
03.03.2014	184.08	5.09
02.03.2014	184.08	5.09
01.03.2014	184.08	5.09
28.02.2014	184.06	5.1
27.02.2014	184.72	5.14
26.02.2014	184.47	5.17
25.02.2014	184.51	5.21
24.02.2014	184.95	5.18
23.02.2014	184.95	5.18
22.02.2014	184.95	5.18
21.02.2014	184.8	5.16
20.02.2014	184.54	5.17
19.02.2014	184.51	5.22
18.02.2014	184.5	5.26
17.02.2014	184.51	5.23
16.02.2014	184.51	5.23
15.02.2014	184.51	5.23
14.02.2014	184.5	5.28
13.02.2014	184.5	5.31
12.02.2014	163.9	4.71
11.02.2014	155.56	4.47
10.02.2014	155.5	4.49
09.02.2014	155.5	4.49
08.02.2014	155.5	4.49
07.02.2014	155.46	4.47
06.02.2014	155.68	4.47
05.02.2014	155.63	4.4
04.02.2014	155.49	4.42
03.02.2014	155.5	4.44
02.02.2014	155.5	4.44
01.02.2014	155.5	4.44
31.01.2014	155.54	4.4
30.01.2014	155.5	4.46
29.01.2014	155.35	4.5
28.01.2014	155.17	4.46
27.01.2014	155.09	4.51
26.01.2014	155.09	4.51
25.01.2014	155.09	4.51
24.01.2014	155.1	4.55
23.01.2014	155.14	4.58
22.01.2014	155.3	4.58
21.01.2014	155.27	4.6
20.01.2014	155.17	4.64
19.01.2014	155.17	4.64
18.01.2014	155.17	4.64
17.01.2014	155.17	4.64
16.01.2014	154.99	4.65
15.01.2014	154.76	4.65
14.01.2014	154.64	4.67
13.01.2014	154.52	4.65
12.01.2014	154.52	4.65
11.01.2014	154.52	4.65
10.01.2014	154.51	4.67
09.01.2014	154.49	4.66
08.01.2014	154.47	4.65
07.01.2014	154.47	4.65
06.01.2014	154.06	4.68
05.01.2014	154.06	4.68
04.01.2014	154.06	4.68
03.01.2014	154.06	4.68
02.01.2014	154.06	4.68
01.01.2014	154.06	4.68
31.12.2013	153.61	4.69
30.12.2013	153.9	4.72
29.12.2013	153.9	4.72
28.12.2013	153.69	4.72
27.12.2013	153.83	4.71
26.12.2013	154.1	4.72
25.12.2013	153.88	4.71
24.12.2013	153.6	4.67
23.12.2013	153.72	4.66
22.12.2013	153.72	4.66
21.12.2013	153.72	4.66
20.12.2013	153.85	4.68
19.12.2013	153.99	4.67
18.12.2013	154.11	4.69
17.12.2013	154.11	4.69
16.12.2013	154.11	4.69
15.12.2013	154.11	4.69
14.12.2013	154.11	4.69
13.12.2013	154.21	4.71
12.12.2013	154.52	4.72
11.12.2013	154.47	4.72
10.12.2013	154.12	4.7
09.12.2013	154.25	4.69
08.12.2013	154.25	4.69
07.12.2013	154.25	4.69
06.12.2013	154.25	4.66
05.12.2013	154.5	4.65
04.12.2013	154.42	4.65
03.12.2013	153.68	4.63
02.12.2013	153.68	4.63
01.12.2013	153.68	4.63
30.11.2013	153.68	4.63
29.11.2013	154.05	4.65
28.11.2013	153.38	4.65
27.11.2013	152.72	4.64
26.11.2013	152.77	4.65
25.11.2013	152.8	4.65
24.11.2013	152.8	4.65
23.11.2013	152.8	4.65
22.11.2013	152.84	4.62
21.11.2013	153	4.67
20.11.2013	153.07	4.69
19.11.2013	153.27	4.71
18.11.2013	153.18	4.69
17.11.2013	153.18	4.69
16.11.2013	153.18	4.69
15.11.2013	153.08	4.68
14.11.2013	153.11	4.66
13.11.2013	153.26	4.67
12.11.2013	153.2	4.69
11.11.2013	153.6	4.72
10.11.2013	153.6	4.72
09.11.2013	153.6	4.72
08.11.2013	153.66	4.75
07.11.2013	153.77	4.73
06.11.2013	154.09	4.76
05.11.2013	154.34	4.77
04.11.2013	154.25	4.79
03.11.2013	154.25	4.79
02.11.2013	154.25	4.79
01.11.2013	154.23	4.81
31.10.2013	154.33	4.83
30.10.2013	154.37	4.83
29.10.2013	154.09	4.84
28.10.2013	153.8	4.85
27.10.2013	153.8	4.85
26.10.2013	153.8	4.85
25.10.2013	153.72	4.85
24.10.2013	153.75	4.83
23.10.2013	153.78	4.82
22.10.2013	153.83	4.82
21.10.2013	153.87	4.83
20.10.2013	153.87	4.83
19.10.2013	153.87	4.83
18.10.2013	153.91	4.8
17.10.2013	153.52	4.76
16.10.2013	153.7	4.77
15.10.2013	153.7	4.77
14.10.2013	153.7	4.77
13.10.2013	153.7	4.77
12.10.2013	153.77	4.77
11.10.2013	154.4	4.78
10.10.2013	154.28	4.77
09.10.2013	154.35	4.78
08.10.2013	154.27	4.78
07.10.2013	154.15	4.8
06.10.2013	154.15	4.8
05.10.2013	154.15	4.8
04.10.2013	154.09	4.79
03.10.2013	154.05	4.77
02.10.2013	153.86	4.77
01.10.2013	153.81	4.73
30.09.2013	153.62	4.73
29.09.2013	153.62	4.73
28.09.2013	153.62	4.73
27.09.2013	153.67	4.78
26.09.2013	153.45	4.8
25.09.2013	152.9	4.8
24.09.2013	153.02	4.79
23.09.2013	153.08	4.82
22.09.2013	153.08	4.82
21.09.2013	153.08	4.82
20.09.2013	152.97	4.84
19.09.2013	153.45	4.75
18.09.2013	153.33	4.74
17.09.2013	153.38	4.75
16.09.2013	153.29	4.68
15.09.2013	153.29	4.68
14.09.2013	153.29	4.68
13.09.2013	153.37	4.68
12.09.2013	153.57	4.69
11.09.2013	153.37	4.63
10.09.2013	153.09	4.59
09.09.2013	153.01	4.58
08.09.2013	153.01	4.58
07.09.2013	153.01	4.58
06.09.2013	153.07	4.58
05.09.2013	153.13	4.58
04.09.2013	153.29	4.59
03.09.2013	153.23	4.61
02.09.2013	152.81	4.6
01.09.2013	152.81	4.6
31.08.2013	152.81	4.6
30.08.2013	152.81	4.6
29.08.2013	152.16	4.59
28.08.2013	152.47	4.6
27.08.2013	152.33	4.62
26.08.2013	152.45	4.62
25.08.2013	152.45	4.62
24.08.2013	152.45	4.62
23.08.2013	152.34	4.59
22.08.2013	152.44	4.62
21.08.2013	152.47	4.62
20.08.2013	152.54	4.63
19.08.2013	152.63	4.63
18.08.2013	152.63	4.63
17.08.2013	152.63	4.63
16.08.2013	152.85	4.64
15.08.2013	152.85	4.61
14.08.2013	153.09	4.63
13.08.2013	153.15	4.65
12.08.2013	152.87	4.66
11.08.2013	152.87	4.66
10.08.2013	152.87	4.66
09.08.2013	153.12	4.65
08.08.2013	153.34	4.64
07.08.2013	153.76	4.67
06.08.2013	153.81	4.68
05.08.2013	153.75	4.65
04.08.2013	153.75	4.65
03.08.2013	153.75	4.65
02.08.2013	153.63	4.65
01.08.2013	153.47	4.65
31.07.2013	153.13	4.65
30.07.2013	153.24	4.68
29.07.2013	153.26	4.7
28.07.2013	153.26	4.7
27.07.2013	153.26	4.7
26.07.2013	153.29	4.7
25.07.2013	153.25	4.74
24.07.2013	153.17	4.74
23.07.2013	153.03	4.74
22.07.2013	152.88	4.71
21.07.2013	152.88	4.71
20.07.2013	152.88	4.71
19.07.2013	152.82	4.72
18.07.2013	152.76	4.71
17.07.2013	152.67	4.69
16.07.2013	152.61	4.67
15.07.2013	152.44	4.67
14.07.2013	152.44	4.67
13.07.2013	152.44	4.67
12.07.2013	152.25	4.66
11.07.2013	152.31	4.63
10.07.2013	152.23	4.61
09.07.2013	152.05	4.57
08.07.2013	152.05	4.57
07.07.2013	152.05	4.57
06.07.2013	152.05	4.57
05.07.2013	152.01	4.58
04.07.2013	151.95	4.57
03.07.2013	151.88	4.6
02.07.2013	151.81	4.62
01.07.2013	151.65	4.63
30.06.2013	151.65	4.63
29.06.2013	151.65	4.63
28.06.2013	151.76	4.61
27.06.2013	151.66	4.61
26.06.2013	151.47	4.63
25.06.2013	151.44	4.6
24.06.2013	151.54	4.61
23.06.2013	151.54	4.61
22.06.2013	151.54	4.61
21.06.2013	151.28	4.62
20.06.2013	151.28	4.71
19.06.2013	151.35	4.74
18.06.2013	151.29	4.8
17.06.2013	151.44	4.76
16.06.2013	151.44	4.76
15.06.2013	151.44	4.76
14.06.2013	151.51	4.68
13.06.2013	151.57	4.7
12.06.2013	151.46	4.68
11.06.2013	151.38	4.69
10.06.2013	151.33	4.68
09.06.2013	151.33	4.68
08.06.2013	151.33	4.68
07.06.2013	151.31	4.72
06.06.2013	151.35	4.72
05.06.2013	151.34	4.75
04.06.2013	151.39	4.72
03.06.2013	151.36	4.75
02.06.2013	151.36	4.75
01.06.2013	151.36	4.75
31.05.2013	151.08	4.78
30.05.2013	150.92	4.78
29.05.2013	150.84	4.8
28.05.2013	150.94	4.82
27.05.2013	150.74	4.82
26.05.2013	150.74	4.82
25.05.2013	150.74	4.82
24.05.2013	150.79	4.8
23.05.2013	150.81	4.83
22.05.2013	150.84	4.83
21.05.2013	150.95	4.83
20.05.2013	150.95	4.8
19.05.2013	150.95	4.8
18.05.2013	150.95	4.8
17.05.2013	151.1	4.81
16.05.2013	151.21	4.8
15.05.2013	151.12	4.83
14.05.2013	151.1	4.82
13.05.2013	150.96	4.85
12.05.2013	150.96	4.85
11.05.2013	150.96	4.85
10.05.2013	150.96	4.85
09.05.2013	150.96	4.85
08.05.2013	151.01	4.86
07.05.2013	151.01	4.86
06.05.2013	151.07	4.86
05.05.2013	151.07	4.86
04.05.2013	151.07	4.85
03.05.2013	151.28	4.83
02.05.2013	151.23	4.87
01.05.2013	151.23	4.87
30.04.2013	151.24	4.85
29.04.2013	151.17	4.83
28.04.2013	151.17	4.83
27.04.2013	151.17	4.83
26.04.2013	151.05	4.83
25.04.2013	150.94	4.78
24.04.2013	151.09	4.76
23.04.2013	151.16	4.78
22.04.2013	151.09	4.8
21.04.2013	151.09	4.8
20.04.2013	151.09	4.8
19.04.2013	151.01	4.77
18.04.2013	150.99	4.83
17.04.2013	151.03	4.8
16.04.2013	150.9	4.81
15.04.2013	150.93	4.87
14.04.2013	150.93	4.87
13.04.2013	150.93	4.87
12.04.2013	150.74	4.88
11.04.2013	150.93	4.88
10.04.2013	150.9	4.84
09.04.2013	150.9	4.79
08.04.2013	150.9	4.78
07.04.2013	150.9	4.78
06.04.2013	150.9	4.78
05.04.2013	150.89	4.75
04.04.2013	150.72	4.8
03.04.2013	150.92	4.84
02.04.2013	150.87	4.85
01.04.2013	150.84	4.86
31.03.2013	150.84	4.86
30.03.2013	150.84	4.86
29.03.2013	150.87	4.85
28.03.2013	150.81	4.89
27.03.2013	150.7	4.88
26.03.2013	150.88	4.88
25.03.2013	150.88	4.88
24.03.2013	150.88	4.88
23.03.2013	150.88	4.88
22.03.2013	150.88	4.88
21.03.2013	150.88	4.88
20.03.2013	150.69	4.89
19.03.2013	150.59	4.89
18.03.2013	150.72	4.91
17.03.2013	150.72	4.91
16.03.2013	150.72	4.91
15.03.2013	150.86	4.9
14.03.2013	150.85	4.91
13.03.2013	150.79	4.9
12.03.2013	150.75	4.9
11.03.2013	150.78	4.91
10.03.2013	150.78	4.91
09.03.2013	150.78	4.91
08.03.2013	150.78	4.91
07.03.2013	150.68	4.92
06.03.2013	150.8	4.92
05.03.2013	150.71	4.89
04.03.2013	150.56	4.91
03.03.2013	150.56	4.91
02.03.2013	150.56	4.91
01.03.2013	150.37	4.93
28.02.2013	150.45	4.92
27.02.2013	150.3	4.91
26.02.2013	150.26	4.95
25.02.2013	150.23	4.95
24.02.2013	150.23	4.95
23.02.2013	150.23	4.95
22.02.2013	150.3	4.96
21.02.2013	150.42	5.01
20.02.2013	150.5	4.99
19.02.2013	150.48	4.99
18.02.2013	150.45	4.99
17.02.2013	150.45	4.99
16.02.2013	150.45	4.99
15.02.2013	150.5	5
14.02.2013	150.47	5.01
13.02.2013	150.53	4.99
12.02.2013	150.6	4.99
11.02.2013	150.54	4.99
10.02.2013	150.54	4.99
09.02.2013	150.54	4.99
08.02.2013	150.5	5.01
07.02.2013	150.52	5.02
06.02.2013	150.63	5.01
05.02.2013	150.77	5.03
04.02.2013	150.88	5.03
03.02.2013	150.88	5.03
02.02.2013	150.88	5.03
01.02.2013	150.81	5.02
31.01.2013	150.82	5.02
30.01.2013	150.81	5.01
29.01.2013	150.64	5
28.01.2013	150.76	5.03
27.01.2013	150.76	5.03
26.01.2013	150.76	5.03
25.01.2013	150.7	5
24.01.2013	150.79	4.99
23.01.2013	150.72	4.99
22.01.2013	150.67	4.97
21.01.2013	150.65	4.98
20.01.2013	150.65	4.98
19.01.2013	150.65	4.98
18.01.2013	150.8	4.98
17.01.2013	150.7	4.96
16.01.2013	150.85	5
15.01.2013	150.91	4.99
14.01.2013	150.92	4.99
13.01.2013	150.92	4.99
12.01.2013	150.92	4.99
11.01.2013	150.93	4.97
10.01.2013	150.7	4.96
09.01.2013	150.61	4.98
08.01.2013	150.59	4.96
07.01.2013	150.59	4.96
06.01.2013	150.59	4.96
05.01.2013	150.59	4.96
04.01.2013	150.37	4.99
03.01.2013	150.74	4.96
02.01.2013	150.74	4.96
01.01.2013	150.74	4.96
31.12.2012	150.74	4.96
30.12.2012	150.74	4.96
29.12.2012	150.29	4.94
28.12.2012	150.27	4.93
27.12.2012	150.49	4.93
26.12.2012	150.42	4.93
25.12.2012	150.51	4.91
24.12.2012	150.27	4.89
23.12.2012	150.27	4.89
22.12.2012	150.27	4.89
21.12.2012	150.49	4.9
20.12.2012	150.61	4.9
19.12.2012	150.55	4.9
18.12.2012	150.55	4.9
17.12.2012	150.55	4.9
16.12.2012	150.55	4.9
15.12.2012	150.55	4.9
14.12.2012	150.49	4.91
13.12.2012	150.46	4.9
12.12.2012	150.35	4.9
11.12.2012	150.13	4.86
10.12.2012	150.24	4.86
09.12.2012	150.24	4.86
08.12.2012	150.24	4.86
07.12.2012	150.31	4.87
06.12.2012	150.47	4.88
05.12.2012	150.62	4.87
04.12.2012	150.52	4.88
03.12.2012	150.52	4.88
02.12.2012	150.52	4.88
01.12.2012	150.52	4.88
30.11.2012	150.52	4.86
29.11.2012	150.37	4.83
28.11.2012	150.12	4.84
27.11.2012	150.15	4.84
26.11.2012	150.07	4.82
25.11.2012	150.07	4.82
24.11.2012	150.07	4.82
23.11.2012	150.09	4.82
22.11.2012	150.19	4.79
21.11.2012	150.25	4.79
20.11.2012	150.46	4.77
19.11.2012	150.3	4.74
18.11.2012	150.3	4.74
17.11.2012	150.3	4.74
16.11.2012	150.33	4.75
15.11.2012	150.46	4.75
14.11.2012	150.78	4.75
13.11.2012	150.86	4.77
12.11.2012	150.79	4.78
11.11.2012	150.79	4.78
10.11.2012	150.79	4.78
09.11.2012	150.86	4.79
08.11.2012	150.64	4.82
07.11.2012	150.82	4.78
06.11.2012	150.86	4.76
05.11.2012	150.84	4.81
04.11.2012	150.84	4.81
03.11.2012	150.84	4.81
02.11.2012	150.82	4.81
01.11.2012	150.77	4.82
31.10.2012	150.66	4.79
30.10.2012	150.68	4.79
29.10.2012	150.56	4.82
28.10.2012	150.56	4.82
27.10.2012	150.56	4.82
26.10.2012	150.56	4.82
25.10.2012	150.56	4.79
24.10.2012	150.65	4.84
23.10.2012	150.43	4.87
22.10.2012	149.98	4.87
21.10.2012	149.98	4.87
20.10.2012	149.98	4.87
19.10.2012	150.26	4.89
18.10.2012	150.41	4.88
17.10.2012	150.65	4.87
16.10.2012	150.62	4.86
15.10.2012	150.53	4.86
14.10.2012	150.53	4.86
13.10.2012	150.53	4.86
12.10.2012	150.57	4.83
11.10.2012	150.49	4.83
10.10.2012	150.38	4.83
09.10.2012	150.33	4.83
08.10.2012	150.3	4.85
07.10.2012	150.3	4.85
06.10.2012	150.3	4.85
05.10.2012	150.25	4.82
04.10.2012	150.21	4.83
03.10.2012	150.16	4.83
02.10.2012	150.02	4.82
01.10.2012	149.86	4.85
30.09.2012	149.86	4.85
29.09.2012	149.86	4.85
28.09.2012	150.01	4.8
27.09.2012	150.15	4.81
26.09.2012	150.01	4.82
25.09.2012	150.12	4.79
24.09.2012	150.05	4.86
23.09.2012	150.05	4.86
22.09.2012	150.05	4.86
21.09.2012	149.8	4.75
20.09.2012	149.91	4.84
19.09.2012	149.7	4.84
18.09.2012	149.76	4.89
17.09.2012	149.88	4.86
16.09.2012	149.88	4.86
15.09.2012	149.88	4.86
14.09.2012	149.93	4.78
13.09.2012	149.82	4.78
12.09.2012	149.62	4.72
11.09.2012	149.59	4.72
10.09.2012	149.49	4.67
09.09.2012	149.49	4.67
08.09.2012	149.49	4.67
07.09.2012	149.55	4.64
06.09.2012	149.34	4.61
05.09.2012	149.55	4.65
04.09.2012	149.57	4.62
03.09.2012	149.57	4.61
02.09.2012	149.57	4.61
01.09.2012	149.57	4.61
31.08.2012	149.41	4.64
30.08.2012	149.41	4.64
29.08.2012	148.93	4.65
28.08.2012	148.86	4.68
27.08.2012	148.86	4.68
26.08.2012	148.86	4.68
25.08.2012	148.86	4.68
24.08.2012	148.99	4.7
23.08.2012	149.11	4.68
22.08.2012	149.35	4.69
21.08.2012	149.22	4.66
20.08.2012	149.18	4.68
19.08.2012	149.18	4.68
18.08.2012	149.18	4.68
17.08.2012	149.22	4.68
16.08.2012	149.22	4.68
15.08.2012	149.42	4.7
14.08.2012	149.64	4.71
13.08.2012	149.71	4.7
12.08.2012	149.71	4.7
11.08.2012	149.71	4.7
10.08.2012	149.95	4.75
09.08.2012	150.09	4.74
08.08.2012	150.05	4.75
07.08.2012	150.14	4.72
06.08.2012	150.22	4.63
05.08.2012	150.22	4.63
04.08.2012	150.22	4.63
03.08.2012	150.15	4.63
02.08.2012	150.08	4.64
01.08.2012	150.01	4.65
31.07.2012	149.93	4.66
30.07.2012	149.93	4.64
29.07.2012	149.93	4.64
28.07.2012	149.93	4.64
27.07.2012	150.03	4.59
26.07.2012	150.03	4.56
25.07.2012	149.92	4.59
24.07.2012	149.74	4.62
23.07.2012	149.51	4.68
22.07.2012	149.51	4.68
21.07.2012	149.51	4.68
20.07.2012	149.56	4.66
19.07.2012	149.66	4.62
18.07.2012	149.89	4.63
17.07.2012	149.95	4.59
16.07.2012	149.86	4.59
15.07.2012	149.86	4.59
14.07.2012	149.86	4.59
13.07.2012	149.89	4.58
12.07.2012	149.91	4.57
11.07.2012	149.86	4.57
10.07.2012	149.7	4.52
09.07.2012	149.57	4.6
08.07.2012	149.57	4.6
07.07.2012	149.57	4.6
06.07.2012	149.57	4.6
05.07.2012	149.53	4.64
04.07.2012	149.45	4.59
03.07.2012	149.29	4.6
02.07.2012	149.42	4.54
01.07.2012	149.42	4.54
30.06.2012	149.42	4.54
29.06.2012	149.17	4.51
28.06.2012	149.32	4.54
27.06.2012	149.31	4.5
26.06.2012	149.22	4.5
25.06.2012	149.17	4.47
24.06.2012	149.17	4.47
23.06.2012	149.17	4.47
22.06.2012	148.99	4.54
21.06.2012	148.8	4.58
20.06.2012	148.88	4.54
19.06.2012	148.92	4.62
18.06.2012	148.99	4.59
17.06.2012	148.99	4.59
16.06.2012	148.99	4.59
15.06.2012	148.96	4.57
14.06.2012	148.9	4.56
13.06.2012	148.83	4.53
12.06.2012	148.7	4.6
11.06.2012	148.64	4.52
10.06.2012	148.64	4.52
09.06.2012	148.64	4.52
08.06.2012	148.64	4.6
07.06.2012	148.89	4.58
06.06.2012	148.83	4.46
05.06.2012	148.76	4.38
04.06.2012	148.02	4.37
03.06.2012	148.02	4.37
02.06.2012	148.02	4.37
01.06.2012	148.06	4.49
31.05.2012	147.91	4.54
30.05.2012	147.96	4.6
29.05.2012	148.02	4.64
28.05.2012	147.62	4.64
27.05.2012	147.62	4.64
26.05.2012	147.62	4.64
25.05.2012	147.67	4.66
24.05.2012	147.78	4.7
23.05.2012	147.89	4.75
22.05.2012	147.99	4.74
21.05.2012	147.72	4.71
20.05.2012	147.72	4.71
19.05.2012	147.72	4.71
18.05.2012	148.03	4.78
17.05.2012	147.94	4.77
16.05.2012	148	4.88
15.05.2012	148	4.87
14.05.2012	147.87	4.91
13.05.2012	147.87	4.91
12.05.2012	147.87	4.91
11.05.2012	147.82	4.9
10.05.2012	147.94	4.93
09.05.2012	147.94	4.93
08.05.2012	147.85	4.96
07.05.2012	147.95	5
06.05.2012	147.95	5
05.05.2012	147.95	5
04.05.2012	147.87	5.01
03.05.2012	148.06	5.03
02.05.2012	147.89	5.05
01.05.2012	147.89	5.05
30.04.2012	147.89	5.05
29.04.2012	147.89	5.05
28.04.2012	147.9	5.02
27.04.2012	147.9	5.05
26.04.2012	147.75	5.04
25.04.2012	147.67	5.02
24.04.2012	147.82	5.01
23.04.2012	147.96	5.01
22.04.2012	147.96	5.01
21.04.2012	147.96	5.01
20.04.2012	147.76	5.01
19.04.2012	147.64	5
18.04.2012	147.54	4.99
17.04.2012	147.5	4.96
16.04.2012	147.63	5
15.04.2012	147.63	5
14.04.2012	147.63	5
13.04.2012	147.64	5.01
12.04.2012	147.66	4.95
11.04.2012	147.58	4.98
10.04.2012	147.52	4.97
09.04.2012	148.07	5.02
08.04.2012	148.07	5.02
07.04.2012	148.07	5.02
06.04.2012	148.29	5.03
05.04.2012	148.11	5.03
04.04.2012	148.04	5.05
03.04.2012	147.92	5.03
02.04.2012	147.77	5.03
01.04.2012	147.77	5.03
31.03.2012	147.77	5.03
30.03.2012	147.65	5.04
29.03.2012	147.56	5.06
28.03.2012	147.75	5.11
27.03.2012	147.66	5.06
26.03.2012	147.75	5.06
25.03.2012	147.75	5.06
24.03.2012	147.75	5.06
23.03.2012	147.75	5.06
22.03.2012	147.75	5.06
21.03.2012	147.75	5.06
20.03.2012	147.71	5.05
19.03.2012	147.72	5.03
18.03.2012	147.72	5.03
17.03.2012	147.72	5.03
16.03.2012	147.51	5
15.03.2012	147.73	5
14.03.2012	147.95	5.01
13.03.2012	147.93	5
12.03.2012	147.99	5.03
11.03.2012	147.96	4.98
10.03.2012	147.96	4.98
09.03.2012	147.96	4.98
08.03.2012	147.96	4.98
07.03.2012	147.93	5.01
06.03.2012	147.95	5.05
05.03.2012	147.93	5.04
04.03.2012	147.93	5.04
03.03.2012	147.93	5.04
02.03.2012	147.78	5.04
01.03.2012	147.74	5.09
29.02.2012	147.65	5.1
28.02.2012	147.62	5.06
27.02.2012	147.62	5.03
26.02.2012	147.62	5.03
25.02.2012	147.62	5.03
24.02.2012	147.83	4.99
23.02.2012	148.01	4.97
22.02.2012	148.02	4.97
21.02.2012	148.11	4.97
20.02.2012	148.12	4.94
19.02.2012	148.12	4.94
18.02.2012	148.12	4.94
17.02.2012	148.12	4.89
16.02.2012	148.29	4.95
15.02.2012	148.37	4.93
14.02.2012	148.37	4.97
13.02.2012	148.37	4.97
12.02.2012	148.37	4.97
11.02.2012	148.37	4.97
10.02.2012	148.49	4.99
09.02.2012	148.59	5
08.02.2012	148.63	4.95
07.02.2012	148.66	4.91
06.02.2012	148.72	4.92
05.02.2012	148.72	4.92
04.02.2012	148.72	4.92
03.02.2012	148.61	4.91
02.02.2012	148.7	4.9
01.02.2012	148.56	4.92
31.01.2012	148.6	4.89
30.01.2012	148.37	4.88
29.01.2012	148.37	4.88
28.01.2012	148.37	4.88
27.01.2012	148.35	4.88
26.01.2012	148.61	4.86
25.01.2012	148.42	4.8
24.01.2012	148.44	4.74
23.01.2012	148.32	4.73
22.01.2012	148.32	4.73
21.01.2012	148.32	4.73
20.01.2012	148.2	4.71
19.01.2012	148.3	4.7
18.01.2012	148.35	4.71
17.01.2012	148.36	4.66
16.01.2012	148.17	4.68
15.01.2012	148.17	4.68
14.01.2012	148.17	4.68
13.01.2012	148.52	4.69
12.01.2012	148.4	4.68
11.01.2012	148.59	4.67
10.01.2012	148.54	4.66
09.01.2012	148.29	4.63
08.01.2012	148.29	4.63
07.01.2012	148.29	4.63
06.01.2012	148.08	4.65
05.01.2012	148.23	4.68
04.01.2012	148.4	4.61
03.01.2012	148.4	4.61
02.01.2012	148.4	4.61
01.01.2012	148.4	4.61
31.12.2011	148.4	4.61
30.12.2011	148.04	4.61
29.12.2011	148.28	4.68
28.12.2011	148.26	4.76
27.12.2011	148.08	4.75
26.12.2011	148.11	4.76
25.12.2011	148.11	4.76
24.12.2011	148.11	4.76
23.12.2011	147.99	4.7
22.12.2011	147.83	4.7
21.12.2011	148.27	4.62
20.12.2011	148.08	4.65
19.12.2011	148.08	4.65
18.12.2011	148.08	4.65
17.12.2011	148.08	4.65
16.12.2011	148.08	4.65
15.12.2011	147.96	4.66
14.12.2011	147.89	4.67
13.12.2011	147.87	4.7
12.12.2011	147.8	4.68
11.12.2011	147.8	4.68
10.12.2011	147.8	4.68
09.12.2011	147.64	4.72
08.12.2011	147.68	4.74
07.12.2011	147.65	4.75
06.12.2011	147.63	4.78
05.12.2011	147.59	4.8
04.12.2011	147.59	4.8
03.12.2011	147.59	4.8
02.12.2011	147.68	4.78
01.12.2011	147.69	4.71
30.11.2011	147.72	4.71
29.11.2011	147.48	4.71
28.11.2011	147.23	4.66
27.11.2011	147.23	4.66
26.11.2011	147.23	4.66
25.11.2011	147.2	4.69
24.11.2011	147.34	4.72
23.11.2011	147.57	4.76
22.11.2011	147.95	4.77
21.11.2011	148.02	4.79
20.11.2011	148.02	4.79
19.11.2011	148.02	4.79
18.11.2011	148.01	4.81
17.11.2011	148.08	4.83
16.11.2011	148.22	4.83
15.11.2011	148.14	4.88
14.11.2011	148.13	4.85
13.11.2011	148.13	4.85
12.11.2011	148.13	4.85
11.11.2011	148.08	4.82
10.11.2011	147.91	4.91
09.11.2011	147.98	4.86
08.11.2011	147.97	4.82
07.11.2011	147.94	4.85
06.11.2011	147.94	4.85
05.11.2011	147.94	4.85
04.11.2011	147.91	4.8
03.11.2011	148.04	4.85
02.11.2011	147.99	4.82
01.11.2011	147.77	4.9
31.10.2011	147.54	4.96
30.10.2011	147.54	4.96
29.10.2011	147.54	4.96
28.10.2011	147.85	4.89
27.10.2011	147.96	4.84
26.10.2011	147.96	4.85
25.10.2011	147.97	4.79
24.10.2011	148	4.72
23.10.2011	148	4.72
22.10.2011	148	4.72
21.10.2011	147.92	4.71
20.10.2011	147.85	4.77
19.10.2011	147.89	4.74
18.10.2011	147.87	4.82
17.10.2011	147.72	4.77
16.10.2011	147.72	4.77
15.10.2011	147.72	4.77
14.10.2011	147.72	4.73
13.10.2011	147.89	4.73
12.10.2011	148.08	4.68
11.10.2011	148.24	4.66
10.10.2011	148.36	4.6
09.10.2011	148.36	4.6
08.10.2011	148.36	4.6
07.10.2011	148.34	4.58
06.10.2011	148.2	4.53
05.10.2011	148.17	4.52
04.10.2011	148.19	4.56
03.10.2011	147.99	4.61
02.10.2011	147.99	4.61
01.10.2011	147.99	4.61
30.09.2011	147.87	4.64
29.09.2011	147.66	4.63
28.09.2011	147.71	4.58
27.09.2011	147.78	4.56
26.09.2011	147.68	4.62
25.09.2011	147.68	4.62
24.09.2011	147.68	4.62
23.09.2011	147.5	4.62
22.09.2011	147.38	4.69
21.09.2011	147.35	4.69
20.09.2011	147.1	4.76
19.09.2011	147.08	4.82
18.09.2011	147.08	4.82
17.09.2011	147.08	4.82
16.09.2011	147.08	4.82
15.09.2011	147.29	4.85
14.09.2011	147.34	4.87
13.09.2011	147.31	4.87
12.09.2011	147.11	4.94
11.09.2011	147.11	4.94
10.09.2011	147.11	4.94
09.09.2011	146.9	4.98
08.09.2011	146.87	4.98
07.09.2011	146.91	4.98
06.09.2011	146.8	5
05.09.2011	146.71	5.05
04.09.2011	146.71	5.05
03.09.2011	146.71	5.05
02.09.2011	146.64	5.06
01.09.2011	146.46	5.06
31.08.2011	146.41	5.08
30.08.2011	146.41	5.08
29.08.2011	146.41	5.08
28.08.2011	146.41	5.08
27.08.2011	146.43	5.07
26.08.2011	146.45	5.07
25.08.2011	146.39	5.06
24.08.2011	146.41	5.07
23.08.2011	146.7	5.03
22.08.2011	146.79	5.01
21.08.2011	146.79	5.01
20.08.2011	146.79	5.01
19.08.2011	146.29	5.05
18.08.2011	146.27	5.09
17.08.2011	146.89	5.11
16.08.2011	147.07	5.09
15.08.2011	147.18	5.01
14.08.2011	147.18	5.01
13.08.2011	147.18	5.01
12.08.2011	147.07	5
11.08.2011	147.04	4.99
10.08.2011	146.84	4.93
09.08.2011	146.65	5.15
08.08.2011	146.53	5.18
07.08.2011	146.53	5.18
06.08.2011	146.53	5.18
05.08.2011	146.46	5.25
04.08.2011	146.25	5.26
03.08.2011	146.14	5.25
02.08.2011	145.89	5.3
01.08.2011	146.14	5.27
31.07.2011	146.14	5.27
30.07.2011	146.14	5.27
29.07.2011	146.12	5.3
28.07.2011	145.52	5.31
27.07.2011	145.4	5.27
26.07.2011	145.9	5.27
25.07.2011	146.05	5.27
24.07.2011	146.05	5.27
23.07.2011	146.05	5.27
22.07.2011	146.21	5.23
21.07.2011	146.47	5.23
20.07.2011	146.31	5.21
19.07.2011	145.87	5.17
18.07.2011	146.03	5.19
17.07.2011	146.03	5.19
16.07.2011	146.03	5.19
15.07.2011	146.18	5.21
14.07.2011	146.13	5.18
13.07.2011	146.14	5.15
12.07.2011	145.62	5.17
11.07.2011	145.43	5.21
10.07.2011	145.43	5.21
09.07.2011	145.43	5.21
08.07.2011	145.49	5.19
07.07.2011	145.71	5.23
06.07.2011	145.71	5.23
05.07.2011	145.84	5.25
04.07.2011	145.8	5.23
03.07.2011	145.8	5.23
02.07.2011	145.8	5.23
01.07.2011	145.83	5.23
30.06.2011	146.25	5.22
29.06.2011	146.34	5.19
28.06.2011	146.27	5.16
27.06.2011	146.12	5.2
26.06.2011	146.12	5.2
25.06.2011	146.12	5.2
24.06.2011	146	5.2
23.06.2011	145.91	5.23
22.06.2011	145.84	5.21
21.06.2011	146.03	5.19
20.06.2011	145.92	5.18
19.06.2011	145.92	5.18
18.06.2011	145.92	5.18
17.06.2011	145.62	5.16
16.06.2011	145.74	5.22
15.06.2011	145.75	5.23
14.06.2011	145.74	5.21
13.06.2011	145.52	5.23
12.06.2011	145.52	5.23
11.06.2011	145.52	5.23
10.06.2011	145.48	5.25
09.06.2011	145.49	5.25
08.06.2011	145.47	5.25
07.06.2011	145.55	5.24
06.06.2011	145.53	5.22
05.06.2011	145.53	5.22
04.06.2011	145.53	5.22
03.06.2011	145.5	5.2
02.06.2011	145.33	5.19
01.06.2011	145.43	5.2
31.05.2011	145.34	5.18
30.05.2011	145.3	5.16
29.05.2011	145.3	5.16
28.05.2011	145.3	5.16
27.05.2011	145.17	5.15
26.05.2011	145.27	5.1
25.05.2011	145.38	5.12
24.05.2011	145.23	5.11
23.05.2011	145.22	5.2
22.05.2011	145.22	5.2
21.05.2011	145.22	5.2
20.05.2011	145.48	5.19
19.05.2011	145.6	5.19
18.05.2011	145.75	5.18
17.05.2011	145.79	5.18
16.05.2011	145.73	5.24
15.05.2011	145.73	5.24
14.05.2011	145.73	5.24
13.05.2011	145.74	5.21
12.05.2011	145.75	5.28
11.05.2011	145.9	5.26
10.05.2011	145.68	5.25
09.05.2011	145.68	5.25
08.05.2011	145.68	5.25
07.05.2011	145.68	5.25
06.05.2011	145.71	5.35
05.05.2011	145.8	5.35
04.05.2011	145.79	5.34
03.05.2011	145.54	5.34
02.05.2011	145.54	5.34
01.05.2011	145.54	5.34
30.04.2011	145.54	5.34
29.04.2011	145.57	5.3
28.04.2011	145.39	5.25
27.04.2011	145.46	5.23
26.04.2011	145.38	5.2
25.04.2011	145.29	5.19
24.04.2011	145.29	5.19
23.04.2011	145.29	5.19
22.04.2011	145.31	5.21
21.04.2011	145.53	5.17
20.04.2011	145.49	5.13
19.04.2011	145.3	5.16
18.04.2011	145.28	5.15
17.04.2011	145.28	5.15
16.04.2011	145.28	5.15
15.04.2011	145.31	5.14
14.04.2011	145.38	5.16
13.04.2011	145.37	5.17
12.04.2011	145.4	5.2
11.04.2011	145.4	5.18
10.04.2011	145.4	5.18
09.04.2011	145.4	5.18
08.04.2011	145.44	5.15
07.04.2011	145.43	5.15
06.04.2011	145.62	5.13
05.04.2011	145.81	5.16
04.04.2011	145.68	5.13
03.04.2011	145.68	5.13
02.04.2011	145.68	5.13
01.04.2011	145.7	5.13
31.03.2011	145.7	5.1
30.03.2011	145.59	5.13
29.03.2011	145.57	5.13
28.03.2011	145.62	5.15
27.03.2011	145.62	5.15
26.03.2011	145.62	5.15
25.03.2011	146.07	5.15
24.03.2011	145.82	5.13
23.03.2011	145.82	5.13
22.03.2011	145.82	5.13
21.03.2011	145.82	5.13
20.03.2011	145.82	5.13
19.03.2011	145.82	5.13
18.03.2011	145.79	5.09
17.03.2011	145.66	5.08
16.03.2011	146	5.08
15.03.2011	145.85	5.09
14.03.2011	145.66	5.08
13.03.2011	145.66	5.08
12.03.2011	145.66	5.08
11.03.2011	145.55	5.12
10.03.2011	145.7	5.15
09.03.2011	145.58	5.17
08.03.2011	145.58	5.17
07.03.2011	145.58	5.17
06.03.2011	145.58	5.17
05.03.2011	145.68	5.16
04.03.2011	145.79	5.16
03.03.2011	145.83	5.1
02.03.2011	145.9	5.08
01.03.2011	146.02	5.05
28.02.2011	146	5.05
27.02.2011	146	5.05
26.02.2011	146	5.05
25.02.2011	146.02	5.01
24.02.2011	146.08	5
23.02.2011	146.13	4.99
22.02.2011	146.16	5.02
21.02.2011	146.19	5
20.02.2011	146.19	5
19.02.2011	146.19	5
18.02.2011	146.3	5
17.02.2011	146.36	5
16.02.2011	146.35	5
15.02.2011	146.48	5.01
14.02.2011	146.43	5
13.02.2011	146.43	5
12.02.2011	146.43	5
11.02.2011	146.41	4.98
10.02.2011	146.47	5
09.02.2011	146.65	5.02
08.02.2011	146.73	5
07.02.2011	146.83	4.99
06.02.2011	146.83	4.99
05.02.2011	146.83	4.99
04.02.2011	146.75	5.01
03.02.2011	146.86	4.99
02.02.2011	146.96	4.95
01.02.2011	146.87	4.92
31.01.2011	146.83	4.95
30.01.2011	146.83	4.95
29.01.2011	146.83	4.95
28.01.2011	146.78	4.94
27.01.2011	146.8	4.93
26.01.2011	146.81	4.93
25.01.2011	146.86	4.92
24.01.2011	147.01	4.9
23.01.2011	147.01	4.9
22.01.2011	147.01	4.9
21.01.2011	146.89	4.91
20.01.2011	146.96	4.93
19.01.2011	147	4.92
18.01.2011	146.99	4.89
17.01.2011	147.07	4.91
16.01.2011	147.07	4.91
15.01.2011	147.07	4.91
14.01.2011	147.12	4.89
13.01.2011	147.39	4.85
12.01.2011	147.28	4.81
11.01.2011	147.33	4.79
10.01.2011	147.13	4.8
09.01.2011	147.13	4.8
08.01.2011	147.13	4.8
07.01.2011	147.13	4.8
06.01.2011	147.17	4.81
05.01.2011	147.5	4.83
04.01.2011	147.5	4.83
03.01.2011	147.5	4.83
02.01.2011	147.5	4.83
01.01.2011	147.5	4.83
31.12.2010	147.4	4.84
30.12.2010	147.45	4.85
29.12.2010	147.42	4.87
28.12.2010	147.4	4.84
27.12.2010	147.14	4.81
26.12.2010	147.14	4.81
25.12.2010	147.14	4.81
24.12.2010	147.13	4.8
23.12.2010	147.2	4.79
22.12.2010	147.26	4.79
21.12.2010	147.34	4.79
20.12.2010	147.42	4.8
19.12.2010	147.42	4.8
18.12.2010	147.42	4.8
17.12.2010	147.42	4.8
16.12.2010	147.42	4.8
15.12.2010	147.31	4.79
14.12.2010	147.3	4.77
13.12.2010	147.39	4.77
12.12.2010	147.39	4.77
11.12.2010	147.39	4.77
10.12.2010	147.38	4.75
09.12.2010	147.44	4.72
08.12.2010	147.5	4.72
07.12.2010	147.56	4.71
06.12.2010	147.6	4.71
05.12.2010	147.6	4.71
04.12.2010	147.6	4.71
03.12.2010	147.68	4.71
02.12.2010	147.63	4.7
01.12.2010	147.58	4.7
30.11.2010	147.49	4.72
29.11.2010	147.4	4.7
28.11.2010	147.4	4.7
27.11.2010	147.4	4.7
26.11.2010	147.37	4.7
25.11.2010	147.28	4.7
24.11.2010	147.36	4.72
23.11.2010	147.38	4.76
22.11.2010	147.4	4.76
21.11.2010	147.4	4.76
20.11.2010	147.4	4.76
19.11.2010	147.42	4.73
18.11.2010	147.52	4.7
17.11.2010	147.69	4.78
16.11.2010	147.69	4.78
15.11.2010	147.53	4.79
14.11.2010	147.53	4.79
13.11.2010	147.53	4.79
12.11.2010	147.51	4.83
11.11.2010	147.46	4.81
10.11.2010	147.66	4.78
09.11.2010	147.68	4.8
08.11.2010	147.51	4.8
07.11.2010	147.51	4.8
06.11.2010	147.51	4.8
05.11.2010	147.59	4.8
04.11.2010	147.65	4.8
03.11.2010	147.58	4.8
02.11.2010	147.51	4.78
01.11.2010	147.51	4.79
31.10.2010	147.51	4.79
30.10.2010	147.51	4.79
29.10.2010	147.57	4.8
28.10.2010	147.54	4.83
27.10.2010	147.64	4.86
26.10.2010	147.58	4.89
25.10.2010	147.52	4.82
24.10.2010	147.52	4.82
23.10.2010	147.52	4.82
22.10.2010	147.69	4.81
21.10.2010	147.55	4.79
20.10.2010	147.58	4.85
19.10.2010	147.56	4.83
18.10.2010	147.46	4.88
17.10.2010	0	0
16.10.2010	0	0
15.10.2010	147.61	4.93
14.10.2010	147.79	4.9
13.10.2010	147.73	4.89
12.10.2010	147.6	4.94
11.10.2010	147.59	4.93
10.10.2010	147.59	4.93
09.10.2010	147.59	4.93
08.10.2010	147.45	4.97
07.10.2010	147.44	4.94
06.10.2010	147.54	4.86
05.10.2010	147.5	4.83
04.10.2010	147.63	4.84
03.10.2010	147.63	4.84
02.10.2010	147.63	4.84
01.10.2010	147.57	4.83
30.09.2010	147.47	4.85
29.09.2010	147.42	4.81
28.09.2010	147.54	4.82
27.09.2010	147.54	4.77
26.09.2010	147.54	4.77
25.09.2010	147.54	4.77
24.09.2010	147.49	4.76
23.09.2010	147.31	4.75
22.09.2010	147.48	4.76
21.09.2010	147.42	4.75
20.09.2010	147.39	4.75
19.09.2010	147.39	4.75
18.09.2010	147.39	4.75
17.09.2010	147.28	4.77
16.09.2010	147.16	4.78
15.09.2010	147.2	4.79
14.09.2010	147.24	4.79
13.09.2010	147.38	4.78
12.09.2010	147.38	4.78
11.09.2010	147.38	4.78
10.09.2010	147.47	4.78
09.09.2010	147.49	4.77
08.09.2010	147.35	4.79
07.09.2010	147.28	4.82
06.09.2010	147.29	4.8
05.09.2010	147.29	4.8
04.09.2010	147.29	4.8
03.09.2010	147.28	4.8
02.09.2010	147.24	4.79
01.09.2010	147.33	4.78
31.08.2010	147.14	4.79
30.08.2010	147.14	4.79
29.08.2010	147.14	4.79
28.08.2010	147.14	4.79
27.08.2010	147.15	4.77
26.08.2010	147.27	4.78
25.08.2010	147.17	4.78
24.08.2010	147.2	4.81
23.08.2010	147.12	4.82
22.08.2010	147.12	4.82
21.08.2010	147.12	4.82
20.08.2010	147.17	4.83
19.08.2010	147.17	4.85
18.08.2010	147.26	4.85
17.08.2010	147.39	4.83
16.08.2010	147.38	4.84
15.08.2010	147.38	4.84
14.08.2010	147.38	4.84
13.08.2010	147.68	4.83
12.08.2010	147.29	4.88
11.08.2010	147.37	4.92
10.08.2010	147.24	4.94
09.08.2010	147.27	4.94
08.08.2010	147.27	4.94
07.08.2010	147.27	4.94
06.08.2010	147.41	4.94
05.08.2010	147.46	4.94
04.08.2010	147.66	4.94
03.08.2010	147.78	4.89
02.08.2010	147.69	4.88
01.08.2010	147.69	4.88
31.07.2010	147.69	4.88
30.07.2010	147.58	4.89
29.07.2010	147.56	4.88
28.07.2010	147.38	4.87
27.07.2010	147.3	4.86
26.07.2010	147.46	4.86
25.07.2010	147.46	4.86
24.07.2010	147.46	4.86
23.07.2010	147.65	4.85
22.07.2010	147.56	4.85
21.07.2010	147.54	4.85
20.07.2010	147.47	4.83
19.07.2010	147.55	4.85
18.07.2010	147.55	4.85
17.07.2010	147.55	4.85
16.07.2010	147.57	4.83
15.07.2010	147.73	4.83
14.07.2010	147.7	4.79
13.07.2010	147.6	4.78
12.07.2010	147.52	4.79
11.07.2010	147.52	4.79
10.07.2010	147.52	4.79
09.07.2010	147.49	4.76
08.07.2010	147.25	4.73
07.07.2010	147.34	4.74
06.07.2010	147.34	4.74
05.07.2010	147.34	4.74
04.07.2010	147.34	4.74
03.07.2010	147.48	4.74
02.07.2010	147.48	4.72
01.07.2010	147.55	4.72
30.06.2010	147.46	4.72
29.06.2010	147.35	4.75
28.06.2010	147.3	4.73
27.06.2010	147.3	4.73
26.06.2010	147.3	4.73
25.06.2010	147.2	4.73
24.06.2010	147.12	4.74
23.06.2010	146.99	4.76
22.06.2010	146.95	4.77
21.06.2010	146.99	4.76
20.06.2010	146.99	4.76
19.06.2010	146.99	4.76
18.06.2010	147.05	4.74
17.06.2010	147.1	4.72
16.06.2010	147.28	4.69
15.06.2010	147.08	4.65
14.06.2010	147.03	4.67
13.06.2010	147.03	4.67
12.06.2010	147.03	4.67
11.06.2010	146.92	4.64
10.06.2010	147.23	4.63
09.06.2010	147.22	4.63
08.06.2010	147.05	4.63
07.06.2010	146.75	4.74
06.06.2010	146.75	4.74
05.06.2010	146.75	4.74
04.06.2010	146.65	4.74
03.06.2010	146.86	4.71
02.06.2010	146.85	4.69
01.06.2010	146.69	4.76
31.05.2010	146.5	4.82
30.05.2010	146.5	4.82
29.05.2010	146.5	4.82
28.05.2010	146.62	4.74
27.05.2010	146.84	4.71
26.05.2010	146.6	4.64
25.05.2010	146.47	4.72
24.05.2010	146.98	4.73
23.05.2010	146.98	4.73
22.05.2010	146.98	4.73
21.05.2010	146.55	4.77
20.05.2010	146.53	4.76
19.05.2010	146.77	4.84
18.05.2010	146.74	4.79
17.05.2010	146.51	4.85
16.05.2010	146.51	4.85
15.05.2010	146.51	4.85
14.05.2010	146.6	4.89
13.05.2010	146.78	4.89
12.05.2010	146.61	4.84
11.05.2010	147.04	4.8
10.05.2010	147.04	4.8
09.05.2010	147.04	4.8
08.05.2010	147.04	4.8
07.05.2010	146.86	4.87
06.05.2010	146.71	4.94
05.05.2010	146.52	4.99
04.05.2010	146.43	5.03
03.05.2010	146.43	5.03
02.05.2010	146.43	5.03
01.05.2010	146.43	5.03
30.04.2010	146.78	5.02
29.04.2010	146.54	4.99
28.04.2010	146.41	5.04
27.04.2010	146.56	5.04
26.04.2010	146.54	5.02
25.04.2010	146.54	5.02
24.04.2010	146.54	5.02
23.04.2010	146.63	5.04
22.04.2010	146.46	5.04
21.04.2010	146.68	5.04
20.04.2010	146.61	5.02
19.04.2010	146.49	5.05
18.04.2010	146.49	5.05
17.04.2010	146.49	5.05
16.04.2010	146.58	5.05
15.04.2010	146.63	5.06
14.04.2010	146.67	5.05
13.04.2010	146.77	5.07
12.04.2010	146.79	5.01
11.04.2010	146.79	5.01
10.04.2010	146.79	5.01
09.04.2010	146.85	4.99
08.04.2010	146.9	5.01
07.04.2010	146.89	5.02
06.04.2010	146.91	5.03
05.04.2010	147	5.03
04.04.2010	147	5.03
03.04.2010	147	5.03
02.04.2010	147.07	5
01.04.2010	146.98	4.98
31.03.2010	147.11	5
30.03.2010	146.96	4.97
29.03.2010	146.92	4.97
28.03.2010	146.92	4.97
27.03.2010	146.92	4.97
26.03.2010	146.89	4.96
25.03.2010	146.95	5.02
24.03.2010	146.95	5.02
23.03.2010	146.95	5.02
22.03.2010	146.95	5.02
21.03.2010	146.95	5.02
20.03.2010	146.95	5.02
19.03.2010	147.05	5.03
18.03.2010	147.03	5.04
17.03.2010	147.05	4.99
16.03.2010	147.09	5.02
15.03.2010	147.13	5.01
14.03.2010	147.13	5.01
13.03.2010	147.13	5.01
12.03.2010	147.16	4.99
11.03.2010	147.29	4.95
10.03.2010	147.19	4.95
09.03.2010	147.2	4.94
08.03.2010	147.2	4.94
07.03.2010	147.2	4.94
06.03.2010	147.2	4.94
05.03.2010	147.28	4.94
04.03.2010	147.45	4.94
03.03.2010	147.36	4.91
02.03.2010	147.23	4.93
01.03.2010	147.32	4.9
28.02.2010	147.32	4.9
27.02.2010	147.32	4.9
26.02.2010	147.33	4.9
25.02.2010	147.34	4.91
24.02.2010	147.52	4.92
23.02.2010	147.67	4.93
22.02.2010	147.77	4.9
21.02.2010	147.77	4.9
20.02.2010	147.77	4.9
19.02.2010	147.76	4.91
18.02.2010	147.83	4.93
17.02.2010	148.16	4.92
16.02.2010	148.08	4.9
15.02.2010	147.88	4.9
14.02.2010	147.88	4.9
13.02.2010	147.88	4.9
12.02.2010	148.01	4.91
11.02.2010	148.21	4.9
10.02.2010	148.14	4.88
09.02.2010	147.96	4.86
08.02.2010	147.78	4.85
07.02.2010	147.78	4.85
06.02.2010	147.78	4.85
05.02.2010	147.86	4.92
04.02.2010	147.9	4.95
03.02.2010	148.01	4.9
02.02.2010	147.95	4.88
01.02.2010	148.21	4.88
31.01.2010	148.21	4.88
30.01.2010	148.21	4.88
29.01.2010	148.19	4.89
28.01.2010	148.07	4.88
27.01.2010	147.99	4.89
26.01.2010	147.94	4.92
25.01.2010	147.88	4.96
24.01.2010	147.88	4.96
23.01.2010	147.88	4.96
22.01.2010	147.91	4.97
21.01.2010	147.95	4.99
20.01.2010	147.96	5.01
19.01.2010	148	5
18.01.2010	148.04	5.01
17.01.2010	148.04	5.01
16.01.2010	148.04	5.01
15.01.2010	148.06	5.03
14.01.2010	148.08	5
13.01.2010	148.11	5.04
12.01.2010	148.15	5.04
11.01.2010	148.17	4.96
10.01.2010	148.22	4.96
09.01.2010	148.22	4.96
08.01.2010	148.22	4.96
07.01.2010	148.22	4.96
06.01.2010	148.4	4.96
05.01.2010	148.46	4.9
04.01.2010	148.46	4.9
03.01.2010	148.46	4.9
02.01.2010	148.46	4.9
01.01.2010	148.46	4.9
31.12.2009	148.36	4.92
30.12.2009	148.35	4.96
29.12.2009	148.44	5.02
28.12.2009	148.3	5.03
27.12.2009	148.3	5.03
26.12.2009	148.3	5.03
25.12.2009	148.36	4.95
24.12.2009	148.42	4.86
23.12.2009	148.5	4.87
22.12.2009	148.59	4.85
21.12.2009	148.67	4.86
20.12.2009	148.8	4.94
19.12.2009	148.8	4.94
18.12.2009	148.8	4.94
17.12.2009	148.8	4.94
16.12.2009	148.8	4.94
15.12.2009	148.8	4.96
14.12.2009	149.27	4.97
13.12.2009	149.27	4.97
12.12.2009	149.27	4.97
11.12.2009	149.08	4.88
10.12.2009	149.08	4.86
09.12.2009	149.03	4.95
08.12.2009	148.94	5.01
07.12.2009	148.74	5.09
06.12.2009	148.74	5.09
05.12.2009	148.74	5.09
04.12.2009	148.81	5.09
03.12.2009	148.69	5.12
02.12.2009	148.68	5.11
01.12.2009	148.67	5.1
30.11.2009	148.72	5.13
29.11.2009	148.72	5.13
28.11.2009	148.72	5.13
27.11.2009	148.72	5.13
26.11.2009	148.94	5.17
25.11.2009	148.75	5.16
24.11.2009	148.8	5.16
23.11.2009	148.9	5.15
22.11.2009	148.9	5.15
21.11.2009	148.9	5.15
20.11.2009	148.89	5.16
19.11.2009	149.14	5.2
18.11.2009	149.17	5.2
17.11.2009	149.5	5.21
16.11.2009	149.95	5.21
15.11.2009	149.95	5.21
14.11.2009	149.95	5.21
13.11.2009	150.43	5.24
12.11.2009	150.69	5.26
11.11.2009	150.78	5.24
10.11.2009	150.9	5.24
09.11.2009	150.82	5.21
08.11.2009	150.82	5.21
07.11.2009	150.82	5.21
06.11.2009	150.82	5.17
05.11.2009	150.81	5.15
04.11.2009	150.85	5.15
03.11.2009	150.75	5.17
02.11.2009	150.74	5.19
01.11.2009	150.74	5.19
31.10.2009	150.74	5.19
30.10.2009	150.74	5.15
29.10.2009	150.71	5.16
28.10.2009	150.71	5.18
27.10.2009	150.68	5.21
26.10.2009	150.64	5.2
25.10.2009	150.64	5.2
24.10.2009	150.64	5.2
23.10.2009	150.64	5.17
22.10.2009	150.76	5.17
21.10.2009	150.78	5.16
20.10.2009	150.73	5.15
19.10.2009	150.69	5.14
18.10.2009	150.69	5.14
17.10.2009	150.69	5.14
16.10.2009	150.75	5.14
15.10.2009	150.75	5.12
14.10.2009	150.75	5.1
13.10.2009	150.67	5.1
12.10.2009	150.74	5.09
11.10.2009	150.74	5.09
10.10.2009	150.74	5.09
09.10.2009	150.84	5.09
08.10.2009	150.94	5.07
07.10.2009	150.97	5.06
06.10.2009	150.99	5.02
05.10.2009	150.97	5.01
04.10.2009	150.97	5.01
03.10.2009	150.97	5.01
02.10.2009	150.95	5.02
01.10.2009	150.95	5.03
30.09.2009	150.95	5.02
29.09.2009	150.95	5
28.09.2009	150.95	5.02
27.09.2009	150.95	5.02
26.09.2009	150.95	5.02
25.09.2009	150.93	5.03
24.09.2009	150.92	5.02
23.09.2009	150.9	5.01
22.09.2009	150.88	4.97
21.09.2009	150.93	4.96
20.09.2009	150.93	4.96
19.09.2009	150.93	4.96
18.09.2009	150.91	4.98
17.09.2009	150.94	4.94
16.09.2009	150.95	4.88
15.09.2009	150.92	4.89
14.09.2009	150.89	4.91
13.09.2009	150.89	4.91
12.09.2009	150.89	4.91
11.09.2009	150.86	4.89
10.09.2009	150.82	4.84
09.09.2009	150.84	4.81
08.09.2009	150.84	4.8
07.09.2009	150.81	4.77
06.09.2009	150.81	4.77
05.09.2009	150.81	4.77
04.09.2009	150.76	4.76
03.09.2009	150.71	4.72
02.09.2009	150.75	4.74
01.09.2009	150.8	4.79
31.08.2009	150.8	4.79
30.08.2009	150.8	4.79
29.08.2009	150.8	4.79
28.08.2009	150.77	4.77
27.08.2009	150.75	4.79
26.08.2009	150.68	4.78
25.08.2009	150.77	4.78
24.08.2009	150.85	4.74
23.08.2009	150.85	4.74
22.08.2009	150.85	4.74
21.08.2009	150.83	4.77
20.08.2009	150.88	4.72
19.08.2009	150.84	4.73
18.08.2009	150.8	4.68
17.08.2009	150.79	4.78
16.08.2009	150.79	4.78
15.08.2009	150.79	4.78
14.08.2009	150.77	4.72
13.08.2009	150.78	4.62
12.08.2009	150.72	4.72
11.08.2009	150.75	4.77
10.08.2009	150.73	4.76
09.08.2009	150.73	4.76
08.08.2009	150.73	4.76
07.08.2009	150.81	4.84
06.08.2009	150.82	4.84
05.08.2009	150.8	4.85
04.08.2009	150.75	4.83
03.08.2009	150.71	4.81
02.08.2009	150.71	4.81
01.08.2009	150.71	4.81
31.07.2009	150.71	4.8
30.07.2009	150.68	4.8
29.07.2009	150.76	4.91
28.07.2009	150.77	4.91
27.07.2009	150.72	4.85
26.07.2009	150.72	4.85
25.07.2009	150.72	4.85
24.07.2009	150.73	4.84
23.07.2009	150.75	4.84
22.07.2009	150.86	4.85
21.07.2009	150.78	4.83
20.07.2009	150.73	4.75
19.07.2009	150.73	4.75
18.07.2009	150.73	4.75
17.07.2009	150.75	4.75
16.07.2009	150.72	4.71
15.07.2009	150.65	4.64
14.07.2009	150.44	4.55
13.07.2009	150.59	4.67
12.07.2009	150.59	4.67
11.07.2009	150.59	4.67
10.07.2009	150.53	4.72
09.07.2009	150.62	4.74
08.07.2009	0	0
07.07.2009	150.33	4.81
06.07.2009	150.33	4.81
05.07.2009	150.33	4.81
04.07.2009	150.33	4.81
03.07.2009	150.33	4.83
02.07.2009	150.41	4.83
01.07.2009	150.43	4.84
30.06.2009	150.41	4.82
29.06.2009	150.42	4.83
28.06.2009	150.42	4.83
27.06.2009	150.42	4.83
26.06.2009	150.38	4.82
25.06.2009	150.54	4.83
24.06.2009	150.43	4.77
23.06.2009	150.39	4.81
22.06.2009	150.3	4.82
21.06.2009	150.3	4.82
20.06.2009	150.3	4.82
19.06.2009	150.3	4.82
18.06.2009	150.29	4.82
17.06.2009	150.26	4.81
16.06.2009	150.13	4.8
15.06.2009	150.35	4.86
14.06.2009	150.35	4.86
13.06.2009	150.35	4.86
12.06.2009	150.39	4.86
11.06.2009	150.35	4.87
10.06.2009	150.3	4.8
09.06.2009	150.46	4.81
08.06.2009	150.33	4.89
07.06.2009	150.33	4.89
06.06.2009	150.33	4.89
05.06.2009	150.24	4.88
04.06.2009	150.27	4.91
03.06.2009	150.29	4.88
02.06.2009	150.22	4.9
01.06.2009	150.44	4.86
31.05.2009	150.44	4.86
30.05.2009	150.44	4.86
29.05.2009	150.39	4.8
28.05.2009	150.13	4.81
27.05.2009	149.96	4.76
26.05.2009	150.07	4.82
25.05.2009	150.3	4.83
24.05.2009	150.3	4.83
23.05.2009	150.3	4.83
22.05.2009	150.58	4.77
21.05.2009	150.59	4.75
20.05.2009	150.42	4.73
19.05.2009	150.27	4.66
18.05.2009	150.15	4.67
17.05.2009	150.15	4.67
16.05.2009	150.15	4.67
15.05.2009	149.82	4.66
14.05.2009	150	4.69
13.05.2009	150.25	4.68
12.05.2009	150.46	4.63
11.05.2009	150.46	4.63
10.05.2009	150.46	4.63
09.05.2009	150.46	4.63
08.05.2009	150.46	4.6
07.05.2009	150.61	4.58
06.05.2009	150.66	4.6
05.05.2009	150.68	4.57
04.05.2009	150.64	4.57
03.05.2009	150.64	4.57
02.05.2009	150.64	4.57
01.05.2009	150.64	4.57
30.04.2009	150.72	4.54
29.04.2009	150.67	4.49
28.04.2009	150.66	4.51
27.04.2009	150.58	4.51
26.04.2009	150.58	4.51
25.04.2009	150.58	4.51
24.04.2009	150.59	4.47
23.04.2009	150.76	4.43
22.04.2009	150.49	4.42
21.04.2009	150.33	4.48
20.04.2009	150.15	4.49
19.04.2009	150.15	4.49
18.04.2009	150.15	4.49
17.04.2009	150.17	4.49
16.04.2009	150.31	4.5
15.04.2009	150.66	4.52
14.04.2009	150.83	4.51
13.04.2009	150.76	4.49
12.04.2009	150.76	4.49
11.04.2009	150.76	4.49
10.04.2009	150.77	4.5
09.04.2009	151	4.49
08.04.2009	0	0
07.04.2009	151.08	4.55
06.04.2009	151.01	4.53
05.04.2009	151.01	4.53
04.04.2009	151.01	4.53
03.04.2009	150.98	4.47
02.04.2009	150.99	4.44
01.04.2009	151.08	4.46
31.03.2009	151.4	4.44
30.03.2009	151.35	4.53
29.03.2009	151.35	4.53
28.03.2009	151.35	4.53
27.03.2009	151.35	4.52
26.03.2009	151.38	4.5
25.03.2009	151.31	4.55
24.03.2009	151.1	4.52
23.03.2009	151.1	4.52
22.03.2009	151.1	4.52
21.03.2009	151.1	4.52
20.03.2009	150.93	4.47
19.03.2009	150.58	4.37
18.03.2009	150.38	4.35
17.03.2009	150.25	4.32
16.03.2009	150.29	4.32
15.03.2009	150.29	4.32
14.03.2009	150.29	4.32
13.03.2009	150.48	4.28
12.03.2009	150.52	4.29
11.03.2009	150.53	4.25
10.03.2009	150.49	4.21
09.03.2009	150.49	4.21
08.03.2009	150.49	4.21
07.03.2009	150.49	4.21
06.03.2009	150.31	4.18
05.03.2009	150.42	4.16
04.03.2009	150.54	4.15
03.03.2009	150.6	4.16
02.03.2009	150.43	4.21
01.03.2009	150.43	4.21
28.02.2009	150.43	4.21
27.02.2009	150.26	4.21
26.02.2009	150	4.19
25.02.2009	150.19	4.18
24.02.2009	150	4.19
23.02.2009	149.36	4.14
22.02.2009	149.36	4.14
21.02.2009	149.36	4.14
20.02.2009	149	4.15
19.02.2009	149.42	4.1
18.02.2009	149.28	4.17
17.02.2009	149.11	4.28
16.02.2009	148.9	4.32
15.02.2009	148.9	4.32
14.02.2009	148.9	4.32
13.02.2009	148.39	4.27
12.02.2009	148.11	4.15
11.02.2009	148.3	4.13
10.02.2009	148.5	4.1
09.02.2009	149.54	4.12
08.02.2009	149.54	4.12
07.02.2009	149.54	4.12
06.02.2009	149.97	4.13
05.02.2009	143.98	3.99
04.02.2009	122.32	3.38
03.02.2009	121.87	3.37
02.02.2009	121.47	3.43
01.02.2009	121.47	3.43
31.01.2009	121.47	3.43
30.01.2009	121.56	3.49
29.01.2009	121.71	3.66
28.01.2009	121.7	3.69
27.01.2009	121.65	3.69
26.01.2009	121.6	3.69
25.01.2009	121.6	3.69
24.01.2009	121.6	3.69
23.01.2009	121.32	3.7
22.01.2009	121.31	3.68
21.01.2009	121.3	3.63
20.01.2009	121.29	3.68
19.01.2009	121.31	3.72
18.01.2009	121.31	3.72
17.01.2009	121.31	3.72
16.01.2009	121.37	3.77
15.01.2009	121.26	3.83
14.01.2009	121.14	3.88
13.01.2009	121.04	3.89
12.01.2009	121	4.15
11.01.2009	121	4.15
10.01.2009	121	4.15
09.01.2009	120.99	4.15
08.01.2009	120.95	4.15
07.01.2009	120.95	4.15
06.01.2009	120.86	4.15
05.01.2009	120.79	4.11
04.01.2009	120.79	4.11
03.01.2009	120.79	4.11
02.01.2009	120.79	4.11
01.01.2009	120.79	4.11
31.12.2008	120.77	4.11
30.12.2008	120.75	4.13
29.12.2008	120.65	4.16
28.12.2008	120.65	4.16
27.12.2008	120.65	4.16
26.12.2008	120.7	4.21
25.12.2008	120.7	4.22
24.12.2008	120.82	4.26
23.12.2008	120.83	4.27
22.12.2008	120.76	4.33
21.12.2008	120.76	4.33
20.12.2008	120.76	4.33
19.12.2008	120.65	4.37
18.12.2008	120.6	4.33
17.12.2008	120.6	4.33
16.12.2008	120.6	4.33
15.12.2008	120.5	4.34
14.12.2008	120.5	4.34
13.12.2008	120.5	4.34
12.12.2008	120.44	4.31
11.12.2008	120.46	4.32
10.12.2008	120.44	4.3
09.12.2008	120.36	4.29
08.12.2008	120.36	4.29
07.12.2008	120.36	4.29
06.12.2008	120.36	4.29
05.12.2008	120.45	4.3
04.12.2008	120.45	4.31
03.12.2008	120.48	4.3
02.12.2008	120.36	4.31
01.12.2008	120.35	4.35
30.11.2008	120.35	4.35
29.11.2008	120.35	4.35
28.11.2008	120.35	4.39
27.11.2008	120.25	4.41
26.11.2008	120.16	4.39
25.11.2008	120.16	4.33
24.11.2008	120.24	4.36
23.11.2008	120.24	4.36
22.11.2008	120.24	4.36
21.11.2008	120.21	4.36
20.11.2008	120.14	4.37
19.11.2008	120.1	4.37
18.11.2008	120.12	4.4
17.11.2008	120.13	4.39
16.11.2008	120.13	4.39
15.11.2008	120.13	4.39
14.11.2008	120.13	4.35
13.11.2008	120.05	4.36
12.11.2008	120	4.4
11.11.2008	119.9	4.45
10.11.2008	119.87	4.44
09.11.2008	119.87	4.44
08.11.2008	119.87	4.44
07.11.2008	119.8	4.46
06.11.2008	119.93	4.46
05.11.2008	119.94	4.42
04.11.2008	119.94	4.45
03.11.2008	119.84	4.42
02.11.2008	119.84	4.42
01.11.2008	119.84	4.42
31.10.2008	119.81	4.51
30.10.2008	119.81	4.43
29.10.2008	119.82	4.38
28.10.2008	119.78	4.39
27.10.2008	119.78	4.39
26.10.2008	119.78	4.39
25.10.2008	119.78	4.39
24.10.2008	119.8	4.44
23.10.2008	119.79	4.45
22.10.2008	119.76	4.52
21.10.2008	119.76	4.59
20.10.2008	119.76	4.55
19.10.2008	119.76	4.55
18.10.2008	119.76	4.55
17.10.2008	119.74	4.55
16.10.2008	119.79	4.58
15.10.2008	119.87	4.59
14.10.2008	119.85	4.59
13.10.2008	119.85	4.58
12.10.2008	119.85	4.58
11.10.2008	119.85	4.58
10.10.2008	119.85	4.61
09.10.2008	119.95	4.59
08.10.2008	120.04	4.58
07.10.2008	119.98	4.59
06.10.2008	119.97	4.63
05.10.2008	119.97	4.63
04.10.2008	119.97	4.63
03.10.2008	120	4.65
02.10.2008	119.97	4.69
01.10.2008	119.84	4.72
30.09.2008	119.81	4.73
29.09.2008	119.8	4.78
28.09.2008	119.8	4.78
27.09.2008	119.8	4.78
26.09.2008	119.78	4.8
25.09.2008	119.74	4.78
24.09.2008	119.7	4.78
23.09.2008	119.72	4.75
22.09.2008	119.8	4.69
21.09.2008	119.8	4.69
20.09.2008	119.8	4.69
19.09.2008	119.85	4.72
18.09.2008	119.65	4.69
17.09.2008	119.48	4.68
16.09.2008	119.49	4.69
15.09.2008	119.48	4.67
14.09.2008	119.48	4.67
13.09.2008	119.48	4.67
12.09.2008	119.59	4.63
11.09.2008	119.61	4.68
10.09.2008	119.71	4.68
09.09.2008	119.62	4.69
08.09.2008	119.62	4.7
07.09.2008	119.62	4.7
06.09.2008	119.62	4.7
05.09.2008	119.69	4.74
04.09.2008	119.77	4.76
03.09.2008	119.65	4.82
02.09.2008	119.54	4.86
01.09.2008	119.54	4.86
31.08.2008	119.54	4.86
30.08.2008	119.54	4.86
29.08.2008	119.65	4.87
28.08.2008	119.79	4.87
27.08.2008	119.84	4.86
26.08.2008	119.82	4.91
25.08.2008	119.75	4.93
24.08.2008	119.75	4.93
23.08.2008	119.75	4.93
22.08.2008	119.96	4.93
21.08.2008	120	4.91
20.08.2008	120.1	4.89
19.08.2008	120.13	4.9
18.08.2008	120.15	4.9
17.08.2008	120.15	4.9
16.08.2008	120.15	4.9
15.08.2008	120.15	4.95
14.08.2008	120.05	4.97
13.08.2008	120.17	4.97
12.08.2008	120.14	4.94
11.08.2008	120.06	5.02
10.08.2008	120.06	5.02
09.08.2008	120.06	5.02
08.08.2008	120.08	5.09
07.08.2008	120.03	5.1
06.08.2008	120.11	5.12
05.08.2008	120.14	5.14
04.08.2008	120.17	5.12
03.08.2008	120.17	5.12
02.08.2008	120.17	5.12
01.08.2008	120.18	5.13
31.07.2008	120.19	5.13
30.07.2008	120.18	5.15
29.07.2008	120.18	5.15
28.07.2008	120.17	5.15
27.07.2008	120.17	5.15
26.07.2008	120.17	5.15
25.07.2008	120.19	5.14
24.07.2008	120.16	5.15
23.07.2008	120.18	5.18
22.07.2008	120.2	5.18
21.07.2008	120.19	5.18
20.07.2008	120.19	5.18
19.07.2008	120.19	5.18
18.07.2008	120.14	5.17
17.07.2008	120.05	5.18
16.07.2008	120.06	5.2
15.07.2008	120.2	5.17
14.07.2008	120.21	5.15
13.07.2008	120.21	5.15
12.07.2008	120.21	5.15
11.07.2008	120.2	5.13
10.07.2008	120.38	5.14
09.07.2008	120.48	5.13
08.07.2008	120.54	5.12
07.07.2008	120.54	5.12
06.07.2008	120.54	5.12
05.07.2008	120.54	5.12
04.07.2008	120.56	5.16
03.07.2008	120.58	5.15
02.07.2008	120.65	5.14
01.07.2008	120.75	5.16
30.06.2008	120.75	5.14
29.06.2008	120.75	5.14
28.06.2008	120.75	5.14
27.06.2008	120.74	5.14
26.06.2008	120.84	5.12
25.06.2008	120.77	5.12
24.06.2008	120.72	5.11
23.06.2008	120.72	5.11
22.06.2008	120.72	5.11
21.06.2008	120.72	5.11
20.06.2008	120.71	5.1
19.06.2008	120.63	5.1
18.06.2008	120.72	5.1
17.06.2008	120.69	5.09
16.06.2008	120.67	5.08
15.06.2008	120.67	5.08
14.06.2008	120.67	5.08
13.06.2008	120.75	5.09
12.06.2008	120.72	5.1
11.06.2008	120.7	5.11
10.06.2008	120.7	5.13
09.06.2008	120.61	5.1
08.06.2008	120.61	5.1
07.06.2008	120.61	5.1
06.06.2008	120.67	5.07
05.06.2008	120.73	5.07
04.06.2008	120.74	5.11
03.06.2008	120.65	5.09
02.06.2008	120.57	5.08
01.06.2008	120.57	5.08
31.05.2008	120.57	5.08
30.05.2008	120.47	5.09
29.05.2008	120.54	5.11
28.05.2008	120.58	5.12
27.05.2008	120.53	5.12
26.05.2008	120.59	5.11
25.05.2008	120.59	5.11
24.05.2008	120.59	5.11
23.05.2008	120.58	5.11
22.05.2008	120.59	5.1
21.05.2008	120.61	5.09
20.05.2008	120.69	5.09
19.05.2008	120.7	5.07
18.05.2008	120.7	5.07
17.05.2008	120.7	5.07
16.05.2008	120.74	5.06
15.05.2008	120.57	5.05
14.05.2008	120.61	5.07
13.05.2008	120.56	5.07
12.05.2008	120.56	5.05
11.05.2008	120.56	5.05
10.05.2008	120.56	5.05
09.05.2008	120.56	5.05
08.05.2008	120.5	5.07
07.05.2008	120.48	5.08
06.05.2008	120.48	5.07
05.05.2008	120.36	5.06
04.05.2008	120.38	5.08
03.05.2008	120.38	5.08
02.05.2008	120.38	5.08
01.05.2008	120.38	5.08
30.04.2008	120.39	5.09
29.04.2008	120.52	5.11
28.04.2008	120.49	5.09
27.04.2008	120.49	5.09
26.04.2008	120.49	5.09
25.04.2008	120.44	5.12
24.04.2008	120.36	5.16
23.04.2008	120.45	5.16
22.04.2008	120.54	5.15
21.04.2008	120.57	5.16
20.04.2008	120.57	5.16
19.04.2008	120.57	5.16
18.04.2008	120.45	5.16
17.04.2008	120.26	5.14
16.04.2008	120.32	5.13
15.04.2008	120.44	5.13
14.04.2008	120.52	5.14
13.04.2008	120.52	5.14
12.04.2008	120.52	5.14
11.04.2008	120.53	5.15
10.04.2008	120.57	5.12
09.04.2008	120.55	5.13
08.04.2008	120.56	5.12
07.04.2008	120.61	5.12
06.04.2008	120.61	5.12
05.04.2008	120.61	5.12
04.04.2008	120.47	5.09
03.04.2008	120.6	5.11
02.04.2008	120.6	5.11
01.04.2008	120.69	5.14
31.03.2008	120.69	5.13
30.03.2008	120.69	5.13
29.03.2008	120.69	5.13
28.03.2008	120.68	5.13
27.03.2008	120.78	5.11
26.03.2008	120.65	5.09
25.03.2008	120.42	5.07
24.03.2008	120.42	5.07
23.03.2008	120.42	5.07
22.03.2008	120.42	5.07
21.03.2008	120.45	5.08
20.03.2008	120.71	5.13
19.03.2008	120.72	5.13
18.03.2008	120.68	5.14
17.03.2008	120.48	5.09
16.03.2008	120.48	5.09
15.03.2008	120.48	5.09
14.03.2008	120.6	5.1
13.03.2008	120.74	5.06
12.03.2008	120.65	5.06
11.03.2008	120.66	5.07
10.03.2008	120.66	5.07
09.03.2008	120.66	5.07
08.03.2008	120.66	5.07
07.03.2008	120.66	5.05
06.03.2008	120.82	5.02
05.03.2008	120.77	5.02
04.03.2008	120.68	5.02
03.03.2008	120.85	5.03
02.03.2008	120.85	5.03
01.03.2008	120.85	5.03
29.02.2008	120.87	5.02
28.02.2008	120.77	5
27.02.2008	120.75	4.94
26.02.2008	120.5	4.93
25.02.2008	120.39	4.93
24.02.2008	120.39	4.93
23.02.2008	120.39	4.93
22.02.2008	120.22	4.9
21.02.2008	120.12	4.89
20.02.2008	120.19	4.89
19.02.2008	120.07	4.88
18.02.2008	120.25	4.89
17.02.2008	120.25	4.89
16.02.2008	120.25	4.89
15.02.2008	120.15	4.88
14.02.2008	120.32	4.88
13.02.2008	120.37	4.88
12.02.2008	120.35	4.88
11.02.2008	120.35	4.86
10.02.2008	120.35	4.86
09.02.2008	120.35	4.86
08.02.2008	120.24	4.88
07.02.2008	120.38	4.88
06.02.2008	120.35	4.9
05.02.2008	120.19	4.91
04.02.2008	120.11	4.92
03.02.2008	120.11	4.92
02.02.2008	120.11	4.92
01.02.2008	120.21	4.92
31.01.2008	120.22	4.91
30.01.2008	120.25	4.91
29.01.2008	120.19	4.9
28.01.2008	120.12	4.91
27.01.2008	120.12	4.91
26.01.2008	120.12	4.91
25.01.2008	120.22	4.88
24.01.2008	120.26	4.88
23.01.2008	120.36	4.87
22.01.2008	120.5	4.88
21.01.2008	120.22	4.91
20.01.2008	120.22	4.91
19.01.2008	120.22	4.91
18.01.2008	120.05	4.9
17.01.2008	120.24	4.94
16.01.2008	120.42	4.96
15.01.2008	120.45	4.96
14.01.2008	120.47	4.94
13.01.2008	120.47	4.94
12.01.2008	120.47	4.94
11.01.2008	120.58	4.93
10.01.2008	120.63	4.94
09.01.2008	120.65	4.93
08.01.2008	120.55	4.93
07.01.2008	120.55	4.93
06.01.2008	120.55	4.93
05.01.2008	120.55	4.93
04.01.2008	120.37	4.92
03.01.2008	120.3	4.92
02.01.2008	120.3	4.92
01.01.2008	120.3	4.92
